student_id,roll_no,name,gender,age,email,phone,enrollment_year,current_semester,specialization,cgpa,courses_enrolled,skills,advisor,attendance_percentage,fee_status,city,state,blood_group,extracurricular_activity,placement_status,company_placed,package_lpa,profile_text
1,CSE20240001,James Nair,Male,23,james.nair1@cse.university.edu,+91-9969119330,2024,5,Computer Vision,6.87,DBMS; Mobile App Development; Operating Systems; Computer Graphics; Algorithms,Python; C++; SQL; MongoDB; Django; NumPy,Dr. T. Krishnan,93,Scholarship,Vijayawada,Andhra Pradesh,O+,College Football Team,Not Placed,None,0,"James Nair (Roll No: CSE20240001) is a 23-year-old Male student in the Computer Science Department, enrolled in 2024, currently in semester 5. They are specializing in Computer Vision with a current CGPA of 6.87. Their coursework includes DBMS, Mobile App Development, Operating Systems, Computer Graphics, Algorithms. Key technical skills: Python, C++, SQL, MongoDB, Django, NumPy. Academic advisor: Dr. T. Krishnan. Attendance stands at 93%. Fee status: Scholarship. Based in Vijayawada, Andhra Pradesh. Active in College Football Team. Not yet placed; actively preparing for placements."
2,CSE20250002,Aarav Lee,Male,23,aarav.lee2@cse.university.edu,+91-9719927151,2025,4,Cybersecurity,7.08,Cloud Computing; DBMS; Operating Systems; Cryptography; Theory of Computation,Kubernetes; NumPy; REST APIs; TensorFlow; Java; Git,Dr. T. Krishnan,83,Scholarship,Bengaluru,Karnataka,O+,Robotics Club,Not Placed,None,0,"Aarav Lee (Roll No: CSE20250002) is a 23-year-old Male student in the Computer Science Department, enrolled in 2025, currently in semester 4. They are specializing in Cybersecurity with a current CGPA of 7.08. Their coursework includes Cloud Computing, DBMS, Operating Systems, Cryptography, Theory of Computation. Key technical skills: Kubernetes, NumPy, REST APIs, TensorFlow, Java, Git. Academic advisor: Dr. T. Krishnan. Attendance stands at 83%. Fee status: Scholarship. Based in Bengaluru, Karnataka. Active in Robotics Club. Not yet placed; actively preparing for placements."
3,CSE20230003,Saanvi Williams,Male,18,saanvi.williams3@cse.university.edu,+91-9507437181,2023,8,Database Systems,9.84,Compiler Design; DBMS; Cryptography; Software Engineering; Distributed Systems,Machine Learning; Kubernetes; Node.js; Pandas; NumPy; SQL,Dr. K. Nair,80,Paid,Bengaluru,Karnataka,B+,Open Source Contributor,Not Placed,None,0,"Saanvi Williams (Roll No: CSE20230003) is a 18-year-old Male student in the Computer Science Department, enrolled in 2023, currently in semester 8. They are specializing in Database Systems with a current CGPA of 9.84. Their coursework includes Compiler Design, DBMS, Cryptography, Software Engineering, Distributed Systems. Key technical skills: Machine Learning, Kubernetes, Node.js, Pandas, NumPy, SQL. Academic advisor: Dr. K. Nair. Attendance stands at 80%. Fee status: Paid. Based in Bengaluru, Karnataka. Active in Open Source Contributor. Not yet placed; actively preparing for placements."
4,CSE20240004,Navya Smith,Male,23,navya.smith4@cse.university.edu,+91-9902099969,2024,5,Artificial Intelligence,6.89,Cloud Computing; Cryptography; Software Engineering; Operating Systems; Deep Learning,HTML/CSS; Pandas; Docker; SQL; Linux; AWS,Dr. N. Bose,80,Scholarship,Chennai,Tamil Nadu,AB+,Debate Society,Not Placed,None,0,"Navya Smith (Roll No: CSE20240004) is a 23-year-old Male student in the Computer Science Department, enrolled in 2024, currently in semester 5. They are specializing in Artificial Intelligence with a current CGPA of 6.89. Their coursework includes Cloud Computing, Cryptography, Software Engineering, Operating Systems, Deep Learning. Key technical skills: HTML/CSS, Pandas, Docker, SQL, Linux, AWS. Academic advisor: Dr. N. Bose. Attendance stands at 80%. Fee status: Scholarship. Based in Chennai, Tamil Nadu. Active in Debate Society. Not yet placed; actively preparing for placements."
5,CSE20230005,Divya Bose,Female,20,divya.bose5@cse.university.edu,+91-9925276600,2023,7,Machine Learning,7.99,Algorithms; DBMS; Computer Networks; Machine Learning; Computer Graphics,REST APIs; C++; AWS; Data Analysis; NumPy; Git,Dr. T. Krishnan,72,Scholarship,Visakhapatnam,Andhra Pradesh,A+,None,Not Placed,None,0,"Divya Bose (Roll No: CSE20230005) is a 20-year-old Female student in the Computer Science Department, enrolled in 2023, currently in semester 7. They are specializing in Machine Learning with a current CGPA of 7.99. Their coursework includes Algorithms, DBMS, Computer Networks, Machine Learning, Computer Graphics. Key technical skills: REST APIs, C++, AWS, Data Analysis, NumPy, Git. Academic advisor: Dr. T. Krishnan. Attendance stands at 72%. Fee status: Scholarship. Based in Visakhapatnam, Andhra Pradesh. Active in None. Not yet placed; actively preparing for placements."
6,CSE20250006,Emma Singh,Male,20,emma.singh6@cse.university.edu,+91-9624636385,2025,3,Computer Vision,7.77,Software Engineering; Data Mining; Machine Learning; Theory of Computation; DBMS,Machine Learning; PyTorch; NumPy; Django; REST APIs; SQL,Dr. A. Gupta,98,Paid,Pune,Maharashtra,B+,Open Source Contributor,Not Placed,None,0,"Emma Singh (Roll No: CSE20250006) is a 20-year-old Male student in the Computer Science Department, enrolled in 2025, currently in semester 3. They are specializing in Computer Vision with a current CGPA of 7.77. Their coursework includes Software Engineering, Data Mining, Machine Learning, Theory of Computation, DBMS. Key technical skills: Machine Learning, PyTorch, NumPy, Django, REST APIs, SQL. Academic advisor: Dr. A. Gupta. Attendance stands at 98%. Fee status: Paid. Based in Pune, Maharashtra. Active in Open Source Contributor. Not yet placed; actively preparing for placements."
7,CSE20230007,Vivaan Nair,Female,20,vivaan.nair7@cse.university.edu,+91-9821218382,2023,7,Internet of Things,6.94,Operating Systems; Object Oriented Programming; Artificial Intelligence; Theory of Computation; Computer Networks,React; Data Analysis; Linux; Flask; Node.js; TensorFlow,Dr. T. Krishnan,99,Scholarship,Kochi,Kerala,O+,College Football Team,Placed,Deloitte,13.6,"Vivaan Nair (Roll No: CSE20230007) is a 20-year-old Female student in the Computer Science Department, enrolled in 2023, currently in semester 7. They are specializing in Internet of Things with a current CGPA of 6.94. Their coursework includes Operating Systems, Object Oriented Programming, Artificial Intelligence, Theory of Computation, Computer Networks. Key technical skills: React, Data Analysis, Linux, Flask, Node.js, TensorFlow. Academic advisor: Dr. T. Krishnan. Attendance stands at 99%. Fee status: Scholarship. Based in Kochi, Kerala. Active in College Football Team. Placed at Deloitte with a package of 13.6 LPA."
8,CSE20250008,Emma Das,Female,22,emma.das8@cse.university.edu,+91-9330035022,2025,3,Machine Learning,6.97,Cloud Computing; Data Structures; Mobile App Development; Compiler Design; Data Mining,Python; C++; Machine Learning; Java; MongoDB; Pandas,Dr. R. Menon,80,Pending,Pune,Maharashtra,A-,Open Source Contributor,Not Placed,None,0,"Emma Das (Roll No: CSE20250008) is a 22-year-old Female student in the Computer Science Department, enrolled in 2025, currently in semester 3. They are specializing in Machine Learning with a current CGPA of 6.97. Their coursework includes Cloud Computing, Data Structures, Mobile App Development, Compiler Design, Data Mining. Key technical skills: Python, C++, Machine Learning, Java, MongoDB, Pandas. Academic advisor: Dr. R. Menon. Attendance stands at 80%. Fee status: Pending. Based in Pune, Maharashtra. Active in Open Source Contributor. Not yet placed; actively preparing for placements."
9,CSE20250009,Kavya Iyer,Female,19,kavya.iyer9@cse.university.edu,+91-9250519597,2025,4,Machine Learning,6.74,Computer Graphics; Cybersecurity Fundamentals; Object Oriented Programming; Mobile App Development; Distributed Systems,NumPy; Java; Data Analysis; Machine Learning; JavaScript; Pandas,Dr. V. Kulkarni,77,Paid,Pune,Maharashtra,A-,College Football Team,Not Placed,None,0,"Kavya Iyer (Roll No: CSE20250009) is a 19-year-old Female student in the Computer Science Department, enrolled in 2025, currently in semester 4. They are specializing in Machine Learning with a current CGPA of 6.74. Their coursework includes Computer Graphics, Cybersecurity Fundamentals, Object Oriented Programming, Mobile App Development, Distributed Systems. Key technical skills: NumPy, Java, Data Analysis, Machine Learning, JavaScript, Pandas. Academic advisor: Dr. V. Kulkarni. Attendance stands at 77%. Fee status: Paid. Based in Pune, Maharashtra. Active in College Football Team. Not yet placed; actively preparing for placements."
10,CSE20230010,Akash Gupta,Female,21,akash.gupta10@cse.university.edu,+91-9941889393,2023,7,Database Systems,7.73,Mobile App Development; DBMS; Algorithms; Data Structures; Operating Systems,MongoDB; Node.js; Azure; Linux; Machine Learning; SQL,Dr. V. Kulkarni,65,Pending,Hyderabad,Telangana,B+,Drama Club,Not Placed,None,0,"Akash Gupta (Roll No: CSE20230010) is a 21-year-old Female student in the Computer Science Department, enrolled in 2023, currently in semester 7. They are specializing in Database Systems with a current CGPA of 7.73. Their coursework includes Mobile App Development, DBMS, Algorithms, Data Structures, Operating Systems. Key technical skills: MongoDB, Node.js, Azure, Linux, Machine Learning, SQL. Academic advisor: Dr. V. Kulkarni. Attendance stands at 65%. Fee status: Pending. Based in Hyderabad, Telangana. Active in Drama Club. Not yet placed; actively preparing for placements."
11,CSE20260011,Siddharth Kulkarni,Female,23,siddharth.kulkarni11@cse.university.edu,+91-9711684318,2026,2,Cloud Computing,6.6,Deep Learning; Algorithms; Mobile App Development; Theory of Computation; Cloud Computing,Java; NumPy; HTML/CSS; Linux; Django; REST APIs,Dr. A. Gupta,69,Scholarship,Hyderabad,Telangana,A-,Debate Society,Placed,IBM,13.7,"Siddharth Kulkarni (Roll No: CSE20260011) is a 23-year-old Female student in the Computer Science Department, enrolled in 2026, currently in semester 2. They are specializing in Cloud Computing with a current CGPA of 6.6. Their coursework includes Deep Learning, Algorithms, Mobile App Development, Theory of Computation, Cloud Computing. Key technical skills: Java, NumPy, HTML/CSS, Linux, Django, REST APIs. Academic advisor: Dr. A. Gupta. Attendance stands at 69%. Fee status: Scholarship. Based in Hyderabad, Telangana. Active in Debate Society. Placed at IBM with a package of 13.7 LPA."
12,CSE20220012,Myra Malhotra,Male,22,myra.malhotra12@cse.university.edu,+91-9474745382,2022,8,Internet of Things,8.56,Data Mining; Cloud Computing; Software Engineering; Deep Learning; Theory of Computation,MongoDB; TensorFlow; AWS; React; PyTorch; Git,Dr. M. Chatterjee,71,Paid,Bengaluru,Karnataka,A+,AI Research Group,Placed,Cognizant,7.2,"Myra Malhotra (Roll No: CSE20220012) is a 22-year-old Male student in the Computer Science Department, enrolled in 2022, currently in semester 8. They are specializing in Internet of Things with a current CGPA of 8.56. Their coursework includes Data Mining, Cloud Computing, Software Engineering, Deep Learning, Theory of Computation. Key technical skills: MongoDB, TensorFlow, AWS, React, PyTorch, Git. Academic advisor: Dr. M. Chatterjee. Attendance stands at 71%. Fee status: Paid. Based in Bengaluru, Karnataka. Active in AI Research Group. Placed at Cognizant with a package of 7.2 LPA."
13,CSE20230013,Arjun Rao,Female,20,arjun.rao13@cse.university.edu,+91-9642678844,2023,8,Computer Vision,9.25,Web Technologies; Data Mining; Data Structures; Object Oriented Programming; DBMS,React; TensorFlow; JavaScript; Data Analysis; Flask; NumPy,Dr. K. Nair,78,Scholarship,Visakhapatnam,Andhra Pradesh,B-,Photography Club,Not Placed,None,0,"Arjun Rao (Roll No: CSE20230013) is a 20-year-old Female student in the Computer Science Department, enrolled in 2023, currently in semester 8. They are specializing in Computer Vision with a current CGPA of 9.25. Their coursework includes Web Technologies, Data Mining, Data Structures, Object Oriented Programming, DBMS. Key technical skills: React, TensorFlow, JavaScript, Data Analysis, Flask, NumPy. Academic advisor: Dr. K. Nair. Attendance stands at 78%. Fee status: Scholarship. Based in Visakhapatnam, Andhra Pradesh. Active in Photography Club. Not yet placed; actively preparing for placements."
14,CSE20250014,Sneha Menon,Male,18,sneha.menon14@cse.university.edu,+91-9491541578,2025,4,Software Engineering,6.17,Computer Networks; Software Engineering; Machine Learning; Distributed Systems; Computer Graphics,Flask; Python; JavaScript; C++; React; NumPy,Dr. R. Menon,73,Paid,Pune,Maharashtra,B+,Drama Club,Not Placed,None,0,"Sneha Menon (Roll No: CSE20250014) is a 18-year-old Male student in the Computer Science Department, enrolled in 2025, currently in semester 4. They are specializing in Software Engineering with a current CGPA of 6.17. Their coursework includes Computer Networks, Software Engineering, Machine Learning, Distributed Systems, Computer Graphics. Key technical skills: Flask, Python, JavaScript, C++, React, NumPy. Academic advisor: Dr. R. Menon. Attendance stands at 73%. Fee status: Paid. Based in Pune, Maharashtra. Active in Drama Club. Not yet placed; actively preparing for placements."
15,CSE20230015,Aditya Das,Male,23,aditya.das15@cse.university.edu,+91-9594246837,2023,7,Blockchain Technology,7.38,Computer Graphics; Computer Networks; Compiler Design; Machine Learning; Data Mining,Azure; Python; Node.js; Docker; NumPy; MongoDB,Dr. K. Nair,67,Pending,Chennai,Tamil Nadu,A-,Drama Club,Placed,Accenture,23.6,"Aditya Das (Roll No: CSE20230015) is a 23-year-old Male student in the Computer Science Department, enrolled in 2023, currently in semester 7. They are specializing in Blockchain Technology with a current CGPA of 7.38. Their coursework includes Computer Graphics, Computer Networks, Compiler Design, Machine Learning, Data Mining. Key technical skills: Azure, Python, Node.js, Docker, NumPy, MongoDB. Academic advisor: Dr. K. Nair. Attendance stands at 67%. Fee status: Pending. Based in Chennai, Tamil Nadu. Active in Drama Club. Placed at Accenture with a package of 23.6 LPA."
16,CSE20220016,Suresh Kulkarni,Male,19,suresh.kulkarni16@cse.university.edu,+91-9471178705,2022,8,Cloud Computing,7.55,Operating Systems; Software Engineering; Cybersecurity Fundamentals; Data Mining; Cryptography,Data Analysis; Flask; Docker; Python; JavaScript; TensorFlow,Dr. A. Gupta,71,Scholarship,Kochi,Kerala,AB+,Coding Club,Not Placed,None,0,"Suresh Kulkarni (Roll No: CSE20220016) is a 19-year-old Male student in the Computer Science Department, enrolled in 2022, currently in semester 8. They are specializing in Cloud Computing with a current CGPA of 7.55. Their coursework includes Operating Systems, Software Engineering, Cybersecurity Fundamentals, Data Mining, Cryptography. Key technical skills: Data Analysis, Flask, Docker, Python, JavaScript, TensorFlow. Academic advisor: Dr. A. Gupta. Attendance stands at 71%. Fee status: Scholarship. Based in Kochi, Kerala. Active in Coding Club. Not yet placed; actively preparing for placements."
17,CSE20260017,Ethan Kim,Female,21,ethan.kim17@cse.university.edu,+91-9644518647,2026,1,Internet of Things,7.5,Deep Learning; Software Engineering; Algorithms; Computer Graphics; Data Structures,Django; Flask; Data Analysis; SQL; Kubernetes; Azure,Dr. S. Iyer,72,Scholarship,Pune,Maharashtra,AB-,None,Not Placed,None,0,"Ethan Kim (Roll No: CSE20260017) is a 21-year-old Female student in the Computer Science Department, enrolled in 2026, currently in semester 1. They are specializing in Internet of Things with a current CGPA of 7.5. Their coursework includes Deep Learning, Software Engineering, Algorithms, Computer Graphics, Data Structures. Key technical skills: Django, Flask, Data Analysis, SQL, Kubernetes, Azure. Academic advisor: Dr. S. Iyer. Attendance stands at 72%. Fee status: Scholarship. Based in Pune, Maharashtra. Active in None. Not yet placed; actively preparing for placements."
18,CSE20250018,Riya Johnson,Female,20,riya.johnson18@cse.university.edu,+91-9954725078,2025,4,Cybersecurity,8.16,Computer Graphics; Cryptography; Machine Learning; Web Technologies; Theory of Computation,Flask; Python; PyTorch; Data Analysis; SQL; Azure,Dr. J. Das,93,Pending,Kochi,Kerala,AB-,AI Research Group,Placed,None,23.0,"Riya Johnson (Roll No: CSE20250018) is a 20-year-old Female student in the Computer Science Department, enrolled in 2025, currently in semester 4. They are specializing in Cybersecurity with a current CGPA of 8.16. Their coursework includes Computer Graphics, Cryptography, Machine Learning, Web Technologies, Theory of Computation. Key technical skills: Flask, Python, PyTorch, Data Analysis, SQL, Azure. Academic advisor: Dr. J. Das. Attendance stands at 93%. Fee status: Pending. Based in Kochi, Kerala. Active in AI Research Group. Placed at None with a package of 23.0 LPA."
19,CSE20260019,Sophia Gupta,Male,20,sophia.gupta19@cse.university.edu,+91-9105953697,2026,2,Natural Language Processing,6.36,Compiler Design; Web Technologies; Object Oriented Programming; Deep Learning; Computer Networks,Python; Java; MongoDB; Linux; REST APIs; C++,Dr. N. Bose,96,Pending,Mumbai,Maharashtra,B-,Drama Club,Placed,Microsoft,19.7,"Sophia Gupta (Roll No: CSE20260019) is a 20-year-old Male student in the Computer Science Department, enrolled in 2026, currently in semester 2. They are specializing in Natural Language Processing with a current CGPA of 6.36. Their coursework includes Compiler Design, Web Technologies, Object Oriented Programming, Deep Learning, Computer Networks. Key technical skills: Python, Java, MongoDB, Linux, REST APIs, C++. Academic advisor: Dr. N. Bose. Attendance stands at 96%. Fee status: Pending. Based in Mumbai, Maharashtra. Active in Drama Club. Placed at Microsoft with a package of 19.7 LPA."
20,CSE20230020,Mason Wang,Male,21,mason.wang20@cse.university.edu,+91-9583258726,2023,7,Computer Vision,9.14,Data Mining; Distributed Systems; Algorithms; Compiler Design; DBMS,Git; React; NumPy; Django; Flask; Docker,Dr. N. Bose,93,Paid,Kochi,Kerala,O+,Open Source Contributor,Not Placed,None,0,"Mason Wang (Roll No: CSE20230020) is a 21-year-old Male student in the Computer Science Department, enrolled in 2023, currently in semester 7. They are specializing in Computer Vision with a current CGPA of 9.14. Their coursework includes Data Mining, Distributed Systems, Algorithms, Compiler Design, DBMS. Key technical skills: Git, React, NumPy, Django, Flask, Docker. Academic advisor: Dr. N. Bose. Attendance stands at 93%. Fee status: Paid. Based in Kochi, Kerala. Active in Open Source Contributor. Not yet placed; actively preparing for placements."
21,CSE20240021,Anika Lee,Male,23,anika.lee21@cse.university.edu,+91-9455281184,2024,6,Cloud Computing,8.44,Distributed Systems; Operating Systems; Web Technologies; Compiler Design; Software Engineering,Docker; NumPy; Flask; C++; React; REST APIs,Dr. P. Rao,69,Pending,Mumbai,Maharashtra,B+,College Football Team,Not Placed,None,0,"Anika Lee (Roll No: CSE20240021) is a 23-year-old Male student in the Computer Science Department, enrolled in 2024, currently in semester 6. They are specializing in Cloud Computing with a current CGPA of 8.44. Their coursework includes Distributed Systems, Operating Systems, Web Technologies, Compiler Design, Software Engineering. Key technical skills: Docker, NumPy, Flask, C++, React, REST APIs. Academic advisor: Dr. P. Rao. Attendance stands at 69%. Fee status: Pending. Based in Mumbai, Maharashtra. Active in College Football Team. Not yet placed; actively preparing for placements."
22,CSE20230022,Kavya Mukherjee,Female,18,kavya.mukherjee22@cse.university.edu,+91-9131165166,2023,8,Natural Language Processing,7.52,Theory of Computation; Data Structures; Cryptography; Artificial Intelligence; Object Oriented Programming,Kubernetes; PyTorch; AWS; Azure; Flask; REST APIs,Dr. J. Das,82,Pending,Vijayawada,Andhra Pradesh,O-,College Football Team,Not Placed,None,0,"Kavya Mukherjee (Roll No: CSE20230022) is a 18-year-old Female student in the Computer Science Department, enrolled in 2023, currently in semester 8. They are specializing in Natural Language Processing with a current CGPA of 7.52. Their coursework includes Theory of Computation, Data Structures, Cryptography, Artificial Intelligence, Object Oriented Programming. Key technical skills: Kubernetes, PyTorch, AWS, Azure, Flask, REST APIs. Academic advisor: Dr. J. Das. Attendance stands at 82%. Fee status: Pending. Based in Vijayawada, Andhra Pradesh. Active in College Football Team. Not yet placed; actively preparing for placements."
23,CSE20230023,Vikram Singh,Female,23,vikram.singh23@cse.university.edu,+91-9917364173,2023,8,Internet of Things,9.59,Mobile App Development; Data Structures; Cryptography; Theory of Computation; Operating Systems,Machine Learning; Azure; React; Git; Node.js; Java,Dr. K. Nair,94,Pending,Mumbai,Maharashtra,AB-,College Football Team,Not Placed,None,0,"Vikram Singh (Roll No: CSE20230023) is a 23-year-old Female student in the Computer Science Department, enrolled in 2023, currently in semester 8. They are specializing in Internet of Things with a current CGPA of 9.59. Their coursework includes Mobile App Development, Data Structures, Cryptography, Theory of Computation, Operating Systems. Key technical skills: Machine Learning, Azure, React, Git, Node.js, Java. Academic advisor: Dr. K. Nair. Attendance stands at 94%. Fee status: Pending. Based in Mumbai, Maharashtra. Active in College Football Team. Not yet placed; actively preparing for placements."
24,CSE20220024,Vikram Menon,Female,20,vikram.menon24@cse.university.edu,+91-9923450567,2022,8,Blockchain Technology,6.08,Algorithms; Cybersecurity Fundamentals; Compiler Design; Operating Systems; Object Oriented Programming,Python; MongoDB; SQL; NumPy; REST APIs; React,Dr. P. Rao,72,Scholarship,Chennai,Tamil Nadu,O-,None,Placed,Capgemini,20.8,"Vikram Menon (Roll No: CSE20220024) is a 20-year-old Female student in the Computer Science Department, enrolled in 2022, currently in semester 8. They are specializing in Blockchain Technology with a current CGPA of 6.08. Their coursework includes Algorithms, Cybersecurity Fundamentals, Compiler Design, Operating Systems, Object Oriented Programming. Key technical skills: Python, MongoDB, SQL, NumPy, REST APIs, React. Academic advisor: Dr. P. Rao. Attendance stands at 72%. Fee status: Scholarship. Based in Chennai, Tamil Nadu. Active in None. Placed at Capgemini with a package of 20.8 LPA."
25,CSE20240025,Manoj Gupta,Male,19,manoj.gupta25@cse.university.edu,+91-9174041730,2024,5,Embedded Systems,8.26,Web Technologies; Theory of Computation; Cryptography; Mobile App Development; Deep Learning,C++; HTML/CSS; Machine Learning; MongoDB; JavaScript; PyTorch,Dr. J. Das,99,Pending,Bengaluru,Karnataka,A+,Photography Club,Not Placed,None,0,"Manoj Gupta (Roll No: CSE20240025) is a 19-year-old Male student in the Computer Science Department, enrolled in 2024, currently in semester 5. They are specializing in Embedded Systems with a current CGPA of 8.26. Their coursework includes Web Technologies, Theory of Computation, Cryptography, Mobile App Development, Deep Learning. Key technical skills: C++, HTML/CSS, Machine Learning, MongoDB, JavaScript, PyTorch. Academic advisor: Dr. J. Das. Attendance stands at 99%. Fee status: Pending. Based in Bengaluru, Karnataka. Active in Photography Club. Not yet placed; actively preparing for placements."
26,CSE20250026,Pooja Smith,Female,18,pooja.smith26@cse.university.edu,+91-9817461907,2025,4,Software Engineering,6.41,Distributed Systems; Computer Networks; Computer Graphics; Machine Learning; Software Engineering,REST APIs; Flask; Linux; Git; Azure; HTML/CSS,Dr. K. Nair,82,Pending,Pune,Maharashtra,B-,Robotics Club,Placed,Capgemini,17.7,"Pooja Smith (Roll No: CSE20250026) is a 18-year-old Female student in the Computer Science Department, enrolled in 2025, currently in semester 4. They are specializing in Software Engineering with a current CGPA of 6.41. Their coursework includes Distributed Systems, Computer Networks, Computer Graphics, Machine Learning, Software Engineering. Key technical skills: REST APIs, Flask, Linux, Git, Azure, HTML/CSS. Academic advisor: Dr. K. Nair. Attendance stands at 82%. Fee status: Pending. Based in Pune, Maharashtra. Active in Robotics Club. Placed at Capgemini with a package of 17.7 LPA."
27,CSE20240027,Vikram Singh,Male,21,vikram.singh27@cse.university.edu,+91-9534222401,2024,5,Software Engineering,7.9,Software Engineering; Cloud Computing; Object Oriented Programming; Mobile App Development; Data Structures,Django; SQL; C++; MongoDB; Azure; Linux,Dr. T. Krishnan,96,Pending,Vijayawada,Andhra Pradesh,O-,None,Placed,Wipro,11.1,"Vikram Singh (Roll No: CSE20240027) is a 21-year-old Male student in the Computer Science Department, enrolled in 2024, currently in semester 5. They are specializing in Software Engineering with a current CGPA of 7.9. Their coursework includes Software Engineering, Cloud Computing, Object Oriented Programming, Mobile App Development, Data Structures. Key technical skills: Django, SQL, C++, MongoDB, Azure, Linux. Academic advisor: Dr. T. Krishnan. Attendance stands at 96%. Fee status: Pending. Based in Vijayawada, Andhra Pradesh. Active in None. Placed at Wipro with a package of 11.1 LPA."
28,CSE20260028,Noah Rao,Female,23,noah.rao28@cse.university.edu,+91-9619904272,2026,2,Blockchain Technology,7.85,Cybersecurity Fundamentals; Computer Graphics; Mobile App Development; Cloud Computing; Object Oriented Programming,Pandas; Git; TensorFlow; PyTorch; Data Analysis; MongoDB,Dr. S. Iyer,99,Scholarship,Vijayawada,Andhra Pradesh,AB-,Robotics Club,Placed,Accenture,9.2,"Noah Rao (Roll No: CSE20260028) is a 23-year-old Female student in the Computer Science Department, enrolled in 2026, currently in semester 2. They are specializing in Blockchain Technology with a current CGPA of 7.85. Their coursework includes Cybersecurity Fundamentals, Computer Graphics, Mobile App Development, Cloud Computing, Object Oriented Programming. Key technical skills: Pandas, Git, TensorFlow, PyTorch, Data Analysis, MongoDB. Academic advisor: Dr. S. Iyer. Attendance stands at 99%. Fee status: Scholarship. Based in Vijayawada, Andhra Pradesh. Active in Robotics Club. Placed at Accenture with a package of 9.2 LPA."
29,CSE20230029,Navya Brown,Female,18,navya.brown29@cse.university.edu,+91-9297958983,2023,8,Data Science,6.89,Web Technologies; Data Structures; Mobile App Development; Computer Networks; Software Engineering,Java; NumPy; Flask; PyTorch; React; Linux,Dr. S. Iyer,95,Pending,Hyderabad,Telangana,AB+,AI Research Group,Not Placed,None,0,"Navya Brown (Roll No: CSE20230029) is a 18-year-old Female student in the Computer Science Department, enrolled in 2023, currently in semester 8. They are specializing in Data Science with a current CGPA of 6.89. Their coursework includes Web Technologies, Data Structures, Mobile App Development, Computer Networks, Software Engineering. Key technical skills: Java, NumPy, Flask, PyTorch, React, Linux. Academic advisor: Dr. S. Iyer. Attendance stands at 95%. Fee status: Pending. Based in Hyderabad, Telangana. Active in AI Research Group. Not yet placed; actively preparing for placements."
30,CSE20220030,Vihaan Menon,Female,18,vihaan.menon30@cse.university.edu,+91-9427899537,2022,8,Internet of Things,7.92,Algorithms; Computer Networks; Theory of Computation; Web Technologies; Operating Systems,MongoDB; JavaScript; Flask; Azure; REST APIs; NumPy,Dr. T. Krishnan,84,Scholarship,Mumbai,Maharashtra,O-,AI Research Group,Not Placed,None,0,"Vihaan Menon (Roll No: CSE20220030) is a 18-year-old Female student in the Computer Science Department, enrolled in 2022, currently in semester 8. They are specializing in Internet of Things with a current CGPA of 7.92. Their coursework includes Algorithms, Computer Networks, Theory of Computation, Web Technologies, Operating Systems. Key technical skills: MongoDB, JavaScript, Flask, Azure, REST APIs, NumPy. Academic advisor: Dr. T. Krishnan. Attendance stands at 84%. Fee status: Scholarship. Based in Mumbai, Maharashtra. Active in AI Research Group. Not yet placed; actively preparing for placements."
31,CSE20220031,Lakshmi Chatterjee,Male,22,lakshmi.chatterjee31@cse.university.edu,+91-9176428684,2022,8,Cloud Computing,8.44,Operating Systems; Machine Learning; Compiler Design; Theory of Computation; Object Oriented Programming,Node.js; Python; Azure; Git; REST APIs; Linux,Dr. K. Nair,83,Scholarship,Hyderabad,Telangana,B-,Music Club,Not Placed,None,0,"Lakshmi Chatterjee (Roll No: CSE20220031) is a 22-year-old Male student in the Computer Science Department, enrolled in 2022, currently in semester 8. They are specializing in Cloud Computing with a current CGPA of 8.44. Their coursework includes Operating Systems, Machine Learning, Compiler Design, Theory of Computation, Object Oriented Programming. Key technical skills: Node.js, Python, Azure, Git, REST APIs, Linux. Academic advisor: Dr. K. Nair. Attendance stands at 83%. Fee status: Scholarship. Based in Hyderabad, Telangana. Active in Music Club. Not yet placed; actively preparing for placements."
32,CSE20260032,Olivia Rao,Female,23,olivia.rao32@cse.university.edu,+91-9570040006,2026,1,Blockchain Technology,7.66,Compiler Design; Computer Networks; Software Engineering; Theory of Computation; Operating Systems,Java; Node.js; PyTorch; REST APIs; HTML/CSS; Data Analysis,Dr. N. Bose,90,Pending,Bengaluru,Karnataka,O-,Music Club,Not Placed,None,0,"Olivia Rao (Roll No: CSE20260032) is a 23-year-old Female student in the Computer Science Department, enrolled in 2026, currently in semester 1. They are specializing in Blockchain Technology with a current CGPA of 7.66. Their coursework includes Compiler Design, Computer Networks, Software Engineering, Theory of Computation, Operating Systems. Key technical skills: Java, Node.js, PyTorch, REST APIs, HTML/CSS, Data Analysis. Academic advisor: Dr. N. Bose. Attendance stands at 90%. Fee status: Pending. Based in Bengaluru, Karnataka. Active in Music Club. Not yet placed; actively preparing for placements."
33,CSE20240033,Sai Chatterjee,Male,21,sai.chatterjee33@cse.university.edu,+91-9473620340,2024,6,Cybersecurity,6.1,Theory of Computation; Object Oriented Programming; Data Structures; Software Engineering; Algorithms,Node.js; Linux; Django; Machine Learning; Git; TensorFlow,Dr. A. Gupta,96,Paid,Kochi,Kerala,O+,None,Not Placed,None,0,"Sai Chatterjee (Roll No: CSE20240033) is a 21-year-old Male student in the Computer Science Department, enrolled in 2024, currently in semester 6. They are specializing in Cybersecurity with a current CGPA of 6.1. Their coursework includes Theory of Computation, Object Oriented Programming, Data Structures, Software Engineering, Algorithms. Key technical skills: Node.js, Linux, Django, Machine Learning, Git, TensorFlow. Academic advisor: Dr. A. Gupta. Attendance stands at 96%. Fee status: Paid. Based in Kochi, Kerala. Active in None. Not yet placed; actively preparing for placements."
34,CSE20220034,Nikhil Singh,Female,23,nikhil.singh34@cse.university.edu,+91-9768548027,2022,8,Computer Vision,7.29,Artificial Intelligence; Web Technologies; Cryptography; Algorithms; Distributed Systems,C++; Docker; TensorFlow; Pandas; JavaScript; AWS,Dr. T. Krishnan,68,Paid,Hyderabad,Telangana,O-,Drama Club,Not Placed,None,0,"Nikhil Singh (Roll No: CSE20220034) is a 23-year-old Female student in the Computer Science Department, enrolled in 2022, currently in semester 8. They are specializing in Computer Vision with a current CGPA of 7.29. Their coursework includes Artificial Intelligence, Web Technologies, Cryptography, Algorithms, Distributed Systems. Key technical skills: C++, Docker, TensorFlow, Pandas, JavaScript, AWS. Academic advisor: Dr. T. Krishnan. Attendance stands at 68%. Fee status: Paid. Based in Hyderabad, Telangana. Active in Drama Club. Not yet placed; actively preparing for placements."
35,CSE20230035,Mason Pillai,Female,18,mason.pillai35@cse.university.edu,+91-9226128312,2023,8,Embedded Systems,8.14,Web Technologies; Distributed Systems; Artificial Intelligence; DBMS; Data Structures,Machine Learning; REST APIs; MongoDB; Node.js; PyTorch; Flask,Dr. R. Menon,79,Paid,Kolkata,West Bengal,O+,Robotics Club,Not Placed,None,0,"Mason Pillai (Roll No: CSE20230035) is a 18-year-old Female student in the Computer Science Department, enrolled in 2023, currently in semester 8. They are specializing in Embedded Systems with a current CGPA of 8.14. Their coursework includes Web Technologies, Distributed Systems, Artificial Intelligence, DBMS, Data Structures. Key technical skills: Machine Learning, REST APIs, MongoDB, Node.js, PyTorch, Flask. Academic advisor: Dr. R. Menon. Attendance stands at 79%. Fee status: Paid. Based in Kolkata, West Bengal. Active in Robotics Club. Not yet placed; actively preparing for placements."
36,CSE20240036,Emma Chen,Male,21,emma.chen36@cse.university.edu,+91-9999232921,2024,6,Web Development,7.62,Artificial Intelligence; Compiler Design; Distributed Systems; Computer Networks; Cryptography,SQL; REST APIs; Django; React; C++; TensorFlow,Dr. V. Kulkarni,83,Scholarship,Pune,Maharashtra,AB+,Coding Club,Not Placed,None,0,"Emma Chen (Roll No: CSE20240036) is a 21-year-old Male student in the Computer Science Department, enrolled in 2024, currently in semester 6. They are specializing in Web Development with a current CGPA of 7.62. Their coursework includes Artificial Intelligence, Compiler Design, Distributed Systems, Computer Networks, Cryptography. Key technical skills: SQL, REST APIs, Django, React, C++, TensorFlow. Academic advisor: Dr. V. Kulkarni. Attendance stands at 83%. Fee status: Scholarship. Based in Pune, Maharashtra. Active in Coding Club. Not yet placed; actively preparing for placements."
37,CSE20250037,Divya Malhotra,Female,19,divya.malhotra37@cse.university.edu,+91-9235555899,2025,4,Blockchain Technology,7.35,Mobile App Development; Cryptography; Distributed Systems; Cloud Computing; Deep Learning,Pandas; MongoDB; HTML/CSS; AWS; NumPy; Azure,Dr. R. Menon,89,Scholarship,Pune,Maharashtra,O-,Drama Club,Placed,None,27.2,"Divya Malhotra (Roll No: CSE20250037) is a 19-year-old Female student in the Computer Science Department, enrolled in 2025, currently in semester 4. They are specializing in Blockchain Technology with a current CGPA of 7.35. Their coursework includes Mobile App Development, Cryptography, Distributed Systems, Cloud Computing, Deep Learning. Key technical skills: Pandas, MongoDB, HTML/CSS, AWS, NumPy, Azure. Academic advisor: Dr. R. Menon. Attendance stands at 89%. Fee status: Scholarship. Based in Pune, Maharashtra. Active in Drama Club. Placed at None with a package of 27.2 LPA."
38,CSE20250038,Pooja Malhotra,Female,18,pooja.malhotra38@cse.university.edu,+91-9834868441,2025,3,Web Development,8.05,Data Structures; Computer Networks; Computer Graphics; Theory of Computation; Operating Systems,Linux; TensorFlow; Docker; REST APIs; AWS; C++,Dr. M. Chatterjee,96,Scholarship,Kolkata,West Bengal,O+,Photography Club,Placed,Wipro,9.6,"Pooja Malhotra (Roll No: CSE20250038) is a 18-year-old Female student in the Computer Science Department, enrolled in 2025, currently in semester 3. They are specializing in Web Development with a current CGPA of 8.05. Their coursework includes Data Structures, Computer Networks, Computer Graphics, Theory of Computation, Operating Systems. Key technical skills: Linux, TensorFlow, Docker, REST APIs, AWS, C++. Academic advisor: Dr. M. Chatterjee. Attendance stands at 96%. Fee status: Scholarship. Based in Kolkata, West Bengal. Active in Photography Club. Placed at Wipro with a package of 9.6 LPA."
39,CSE20220039,Pari Rao,Male,21,pari.rao39@cse.university.edu,+91-9765408938,2022,8,Computer Vision,7.73,Web Technologies; Data Structures; Algorithms; Cloud Computing; Mobile App Development,PyTorch; Kubernetes; Pandas; Azure; React; MongoDB,Dr. T. Krishnan,76,Paid,Mumbai,Maharashtra,B+,Debate Society,Not Placed,None,0,"Pari Rao (Roll No: CSE20220039) is a 21-year-old Male student in the Computer Science Department, enrolled in 2022, currently in semester 8. They are specializing in Computer Vision with a current CGPA of 7.73. Their coursework includes Web Technologies, Data Structures, Algorithms, Cloud Computing, Mobile App Development. Key technical skills: PyTorch, Kubernetes, Pandas, Azure, React, MongoDB. Academic advisor: Dr. T. Krishnan. Attendance stands at 76%. Fee status: Paid. Based in Mumbai, Maharashtra. Active in Debate Society. Not yet placed; actively preparing for placements."
40,CSE20230040,Olivia Rao,Female,22,olivia.rao40@cse.university.edu,+91-9214518079,2023,7,Cloud Computing,7.8,Distributed Systems; Software Engineering; Data Structures; Object Oriented Programming; Web Technologies,Data Analysis; Flask; Node.js; C++; Git; Kubernetes,Dr. J. Das,94,Pending,Visakhapatnam,Andhra Pradesh,O+,Music Club,Placed,Zoho,24.5,"Olivia Rao (Roll No: CSE20230040) is a 22-year-old Female student in the Computer Science Department, enrolled in 2023, currently in semester 7. They are specializing in Cloud Computing with a current CGPA of 7.8. Their coursework includes Distributed Systems, Software Engineering, Data Structures, Object Oriented Programming, Web Technologies. Key technical skills: Data Analysis, Flask, Node.js, C++, Git, Kubernetes. Academic advisor: Dr. J. Das. Attendance stands at 94%. Fee status: Pending. Based in Visakhapatnam, Andhra Pradesh. Active in Music Club. Placed at Zoho with a package of 24.5 LPA."
41,CSE20240041,Myra Chowdhury,Female,22,myra.chowdhury41@cse.university.edu,+91-9135824891,2024,6,Database Systems,6.09,Cryptography; Software Engineering; Data Structures; Algorithms; Artificial Intelligence,PyTorch; MongoDB; REST APIs; Kubernetes; Pandas; SQL,Dr. J. Das,71,Scholarship,Visakhapatnam,Andhra Pradesh,B+,None,Placed,Deloitte,22.9,"Myra Chowdhury (Roll No: CSE20240041) is a 22-year-old Female student in the Computer Science Department, enrolled in 2024, currently in semester 6. They are specializing in Database Systems with a current CGPA of 6.09. Their coursework includes Cryptography, Software Engineering, Data Structures, Algorithms, Artificial Intelligence. Key technical skills: PyTorch, MongoDB, REST APIs, Kubernetes, Pandas, SQL. Academic advisor: Dr. J. Das. Attendance stands at 71%. Fee status: Scholarship. Based in Visakhapatnam, Andhra Pradesh. Active in None. Placed at Deloitte with a package of 22.9 LPA."
42,CSE20240042,Divya Das,Male,18,divya.das42@cse.university.edu,+91-9196961971,2024,6,Data Science,8.92,Deep Learning; Computer Networks; Mobile App Development; Cybersecurity Fundamentals; Software Engineering,Node.js; TensorFlow; Linux; PyTorch; Docker; JavaScript,Dr. N. Bose,90,Scholarship,Bengaluru,Karnataka,B+,College Football Team,Not Placed,None,0,"Divya Das (Roll No: CSE20240042) is a 18-year-old Male student in the Computer Science Department, enrolled in 2024, currently in semester 6. They are specializing in Data Science with a current CGPA of 8.92. Their coursework includes Deep Learning, Computer Networks, Mobile App Development, Cybersecurity Fundamentals, Software Engineering. Key technical skills: Node.js, TensorFlow, Linux, PyTorch, Docker, JavaScript. Academic advisor: Dr. N. Bose. Attendance stands at 90%. Fee status: Scholarship. Based in Bengaluru, Karnataka. Active in College Football Team. Not yet placed; actively preparing for placements."
43,CSE20220043,Pranav Sharma,Female,22,pranav.sharma43@cse.university.edu,+91-9852775879,2022,8,Computer Vision,7.44,Software Engineering; Theory of Computation; Cryptography; Cybersecurity Fundamentals; DBMS,Data Analysis; MongoDB; Linux; Python; REST APIs; Flask,Dr. M. Chatterjee,69,Scholarship,Kochi,Kerala,B-,None,Not Placed,None,0,"Pranav Sharma (Roll No: CSE20220043) is a 22-year-old Female student in the Computer Science Department, enrolled in 2022, currently in semester 8. They are specializing in Computer Vision with a current CGPA of 7.44. Their coursework includes Software Engineering, Theory of Computation, Cryptography, Cybersecurity Fundamentals, DBMS. Key technical skills: Data Analysis, MongoDB, Linux, Python, REST APIs, Flask. Academic advisor: Dr. M. Chatterjee. Attendance stands at 69%. Fee status: Scholarship. Based in Kochi, Kerala. Active in None. Not yet placed; actively preparing for placements."
44,CSE20230044,Riya Smith,Female,18,riya.smith44@cse.university.edu,+91-9577488537,2023,7,Cloud Computing,9.69,Artificial Intelligence; DBMS; Theory of Computation; Compiler Design; Computer Networks,AWS; Git; Kubernetes; Flask; Azure; HTML/CSS,Dr. A. Gupta,91,Pending,Mumbai,Maharashtra,A-,AI Research Group,Placed,Flipkart,9.2,"Riya Smith (Roll No: CSE20230044) is a 18-year-old Female student in the Computer Science Department, enrolled in 2023, currently in semester 7. They are specializing in Cloud Computing with a current CGPA of 9.69. Their coursework includes Artificial Intelligence, DBMS, Theory of Computation, Compiler Design, Computer Networks. Key technical skills: AWS, Git, Kubernetes, Flask, Azure, HTML/CSS. Academic advisor: Dr. A. Gupta. Attendance stands at 91%. Fee status: Pending. Based in Mumbai, Maharashtra. Active in AI Research Group. Placed at Flipkart with a package of 9.2 LPA."
45,CSE20240045,Myra Wang,Female,18,myra.wang45@cse.university.edu,+91-9258435089,2024,6,Cloud Computing,6.24,Deep Learning; DBMS; Distributed Systems; Operating Systems; Object Oriented Programming,Machine Learning; NumPy; REST APIs; Python; Java; Docker,Dr. P. Rao,78,Scholarship,Chennai,Tamil Nadu,B-,Robotics Club,Placed,IBM,11.9,"Myra Wang (Roll No: CSE20240045) is a 18-year-old Female student in the Computer Science Department, enrolled in 2024, currently in semester 6. They are specializing in Cloud Computing with a current CGPA of 6.24. Their coursework includes Deep Learning, DBMS, Distributed Systems, Operating Systems, Object Oriented Programming. Key technical skills: Machine Learning, NumPy, REST APIs, Python, Java, Docker. Academic advisor: Dr. P. Rao. Attendance stands at 78%. Fee status: Scholarship. Based in Chennai, Tamil Nadu. Active in Robotics Club. Placed at IBM with a package of 11.9 LPA."
46,CSE20230046,Shreya Sharma,Female,19,shreya.sharma46@cse.university.edu,+91-9651085057,2023,8,Machine Learning,9.11,Data Structures; Computer Networks; Object Oriented Programming; Cybersecurity Fundamentals; Compiler Design,HTML/CSS; Docker; Python; Node.js; TensorFlow; Java,Dr. A. Gupta,95,Pending,Mumbai,Maharashtra,A-,Robotics Club,Not Placed,None,0,"Shreya Sharma (Roll No: CSE20230046) is a 19-year-old Female student in the Computer Science Department, enrolled in 2023, currently in semester 8. They are specializing in Machine Learning with a current CGPA of 9.11. Their coursework includes Data Structures, Computer Networks, Object Oriented Programming, Cybersecurity Fundamentals, Compiler Design. Key technical skills: HTML/CSS, Docker, Python, Node.js, TensorFlow, Java. Academic advisor: Dr. A. Gupta. Attendance stands at 95%. Fee status: Pending. Based in Mumbai, Maharashtra. Active in Robotics Club. Not yet placed; actively preparing for placements."
47,CSE20230047,Divya Nair,Female,22,divya.nair47@cse.university.edu,+91-9728530544,2023,7,Embedded Systems,8.84,Data Mining; Web Technologies; Distributed Systems; Data Structures; Algorithms,Linux; AWS; Azure; JavaScript; NumPy; Git,Dr. S. Iyer,74,Paid,Bengaluru,Karnataka,AB-,Hackathon Organizer,Placed,Cognizant,19.0,"Divya Nair (Roll No: CSE20230047) is a 22-year-old Female student in the Computer Science Department, enrolled in 2023, currently in semester 7. They are specializing in Embedded Systems with a current CGPA of 8.84. Their coursework includes Data Mining, Web Technologies, Distributed Systems, Data Structures, Algorithms. Key technical skills: Linux, AWS, Azure, JavaScript, NumPy, Git. Academic advisor: Dr. S. Iyer. Attendance stands at 74%. Fee status: Paid. Based in Bengaluru, Karnataka. Active in Hackathon Organizer. Placed at Cognizant with a package of 19.0 LPA."
48,CSE20260048,Meera Williams,Female,21,meera.williams48@cse.university.edu,+91-9501902658,2026,2,Internet of Things,7.77,Computer Graphics; DBMS; Theory of Computation; Deep Learning; Object Oriented Programming,Git; MongoDB; Azure; Docker; NumPy; AWS,Dr. V. Kulkarni,85,Scholarship,Bengaluru,Karnataka,AB-,Drama Club,Not Placed,None,0,"Meera Williams (Roll No: CSE20260048) is a 21-year-old Female student in the Computer Science Department, enrolled in 2026, currently in semester 2. They are specializing in Internet of Things with a current CGPA of 7.77. Their coursework includes Computer Graphics, DBMS, Theory of Computation, Deep Learning, Object Oriented Programming. Key technical skills: Git, MongoDB, Azure, Docker, NumPy, AWS. Academic advisor: Dr. V. Kulkarni. Attendance stands at 85%. Fee status: Scholarship. Based in Bengaluru, Karnataka. Active in Drama Club. Not yet placed; actively preparing for placements."
49,CSE20220049,Rohan Johnson,Female,18,rohan.johnson49@cse.university.edu,+91-9340781088,2022,8,Machine Learning,6.36,Cybersecurity Fundamentals; Computer Networks; Mobile App Development; Algorithms; Cloud Computing,Data Analysis; JavaScript; Azure; Kubernetes; NumPy; Java,Dr. K. Nair,71,Scholarship,Kochi,Kerala,AB+,Photography Club,Placed,Microsoft,19.8,"Rohan Johnson (Roll No: CSE20220049) is a 18-year-old Female student in the Computer Science Department, enrolled in 2022, currently in semester 8. They are specializing in Machine Learning with a current CGPA of 6.36. Their coursework includes Cybersecurity Fundamentals, Computer Networks, Mobile App Development, Algorithms, Cloud Computing. Key technical skills: Data Analysis, JavaScript, Azure, Kubernetes, NumPy, Java. Academic advisor: Dr. K. Nair. Attendance stands at 71%. Fee status: Scholarship. Based in Kochi, Kerala. Active in Photography Club. Placed at Microsoft with a package of 19.8 LPA."
50,CSE20240050,Reyansh Das,Female,18,reyansh.das50@cse.university.edu,+91-9330997172,2024,5,Database Systems,9.15,Mobile App Development; Object Oriented Programming; Data Structures; Software Engineering; Theory of Computation,Node.js; TensorFlow; PyTorch; Docker; Kubernetes; Python,Dr. A. Gupta,74,Scholarship,Chennai,Tamil Nadu,O+,Robotics Club,Placed,Wipro,21.9,"Reyansh Das (Roll No: CSE20240050) is a 18-year-old Female student in the Computer Science Department, enrolled in 2024, currently in semester 5. They are specializing in Database Systems with a current CGPA of 9.15. Their coursework includes Mobile App Development, Object Oriented Programming, Data Structures, Software Engineering, Theory of Computation. Key technical skills: Node.js, TensorFlow, PyTorch, Docker, Kubernetes, Python. Academic advisor: Dr. A. Gupta. Attendance stands at 74%. Fee status: Scholarship. Based in Chennai, Tamil Nadu. Active in Robotics Club. Placed at Wipro with a package of 21.9 LPA."
51,CSE20230051,Vikram Bose,Female,20,vikram.bose51@cse.university.edu,+91-9404133583,2023,8,Software Engineering,7.22,Theory of Computation; Operating Systems; Algorithms; Computer Networks; Machine Learning,REST APIs; Java; Data Analysis; C++; TensorFlow; Git,Dr. V. Kulkarni,82,Paid,Delhi,Delhi,O-,Drama Club,Placed,Flipkart,14.3,"Vikram Bose (Roll No: CSE20230051) is a 20-year-old Female student in the Computer Science Department, enrolled in 2023, currently in semester 8. They are specializing in Software Engineering with a current CGPA of 7.22. Their coursework includes Theory of Computation, Operating Systems, Algorithms, Computer Networks, Machine Learning. Key technical skills: REST APIs, Java, Data Analysis, C++, TensorFlow, Git. Academic advisor: Dr. V. Kulkarni. Attendance stands at 82%. Fee status: Paid. Based in Delhi, Delhi. Active in Drama Club. Placed at Flipkart with a package of 14.3 LPA."
52,CSE20240052,Olivia Johnson,Female,22,olivia.johnson52@cse.university.edu,+91-9896760809,2024,5,Internet of Things,6.86,Algorithms; Data Structures; Deep Learning; Web Technologies; Mobile App Development,React; TensorFlow; PyTorch; Docker; JavaScript; Python,Dr. N. Bose,89,Scholarship,Mumbai,Maharashtra,B+,Debate Society,Placed,Flipkart,5.7,"Olivia Johnson (Roll No: CSE20240052) is a 22-year-old Female student in the Computer Science Department, enrolled in 2024, currently in semester 5. They are specializing in Internet of Things with a current CGPA of 6.86. Their coursework includes Algorithms, Data Structures, Deep Learning, Web Technologies, Mobile App Development. Key technical skills: React, TensorFlow, PyTorch, Docker, JavaScript, Python. Academic advisor: Dr. N. Bose. Attendance stands at 89%. Fee status: Scholarship. Based in Mumbai, Maharashtra. Active in Debate Society. Placed at Flipkart with a package of 5.7 LPA."
53,CSE20220053,Aditya Bose,Male,21,aditya.bose53@cse.university.edu,+91-9662600500,2022,8,Internet of Things,8.25,Cryptography; Computer Graphics; Web Technologies; DBMS; Object Oriented Programming,Python; Docker; Node.js; REST APIs; Git; Kubernetes,Dr. S. Iyer,92,Scholarship,Mumbai,Maharashtra,A-,College Football Team,Not Placed,None,0,"Aditya Bose (Roll No: CSE20220053) is a 21-year-old Male student in the Computer Science Department, enrolled in 2022, currently in semester 8. They are specializing in Internet of Things with a current CGPA of 8.25. Their coursework includes Cryptography, Computer Graphics, Web Technologies, DBMS, Object Oriented Programming. Key technical skills: Python, Docker, Node.js, REST APIs, Git, Kubernetes. Academic advisor: Dr. S. Iyer. Attendance stands at 92%. Fee status: Scholarship. Based in Mumbai, Maharashtra. Active in College Football Team. Not yet placed; actively preparing for placements."
54,CSE20240054,Sai Chowdhury,Female,23,sai.chowdhury54@cse.university.edu,+91-9774254861,2024,5,Data Science,7.3,Operating Systems; Data Mining; DBMS; Theory of Computation; Deep Learning,Kubernetes; NumPy; Machine Learning; React; MongoDB; JavaScript,Dr. A. Gupta,74,Scholarship,Visakhapatnam,Andhra Pradesh,B-,Debate Society,Placed,Amazon,26.8,"Sai Chowdhury (Roll No: CSE20240054) is a 23-year-old Female student in the Computer Science Department, enrolled in 2024, currently in semester 5. They are specializing in Data Science with a current CGPA of 7.3. Their coursework includes Operating Systems, Data Mining, DBMS, Theory of Computation, Deep Learning. Key technical skills: Kubernetes, NumPy, Machine Learning, React, MongoDB, JavaScript. Academic advisor: Dr. A. Gupta. Attendance stands at 74%. Fee status: Scholarship. Based in Visakhapatnam, Andhra Pradesh. Active in Debate Society. Placed at Amazon with a package of 26.8 LPA."
55,CSE20260055,Sneha Mukherjee,Female,23,sneha.mukherjee55@cse.university.edu,+91-9408246619,2026,2,Human-Computer Interaction,9.37,Cloud Computing; Computer Networks; Distributed Systems; Operating Systems; Artificial Intelligence,Git; Machine Learning; PyTorch; TensorFlow; HTML/CSS; Java,Dr. M. Chatterjee,94,Pending,Kolkata,West Bengal,A-,Music Club,Placed,Infosys,12.8,"Sneha Mukherjee (Roll No: CSE20260055) is a 23-year-old Female student in the Computer Science Department, enrolled in 2026, currently in semester 2. They are specializing in Human-Computer Interaction with a current CGPA of 9.37. Their coursework includes Cloud Computing, Computer Networks, Distributed Systems, Operating Systems, Artificial Intelligence. Key technical skills: Git, Machine Learning, PyTorch, TensorFlow, HTML/CSS, Java. Academic advisor: Dr. M. Chatterjee. Attendance stands at 94%. Fee status: Pending. Based in Kolkata, West Bengal. Active in Music Club. Placed at Infosys with a package of 12.8 LPA."
56,CSE20260056,Arjun Smith,Male,22,arjun.smith56@cse.university.edu,+91-9571825556,2026,2,Blockchain Technology,7.8,Algorithms; Distributed Systems; Deep Learning; Cloud Computing; Artificial Intelligence,Django; React; Java; Git; JavaScript; Docker,Dr. S. Iyer,80,Scholarship,Kolkata,West Bengal,B+,Coding Club,Not Placed,None,0,"Arjun Smith (Roll No: CSE20260056) is a 22-year-old Male student in the Computer Science Department, enrolled in 2026, currently in semester 2. They are specializing in Blockchain Technology with a current CGPA of 7.8. Their coursework includes Algorithms, Distributed Systems, Deep Learning, Cloud Computing, Artificial Intelligence. Key technical skills: Django, React, Java, Git, JavaScript, Docker. Academic advisor: Dr. S. Iyer. Attendance stands at 80%. Fee status: Scholarship. Based in Kolkata, West Bengal. Active in Coding Club. Not yet placed; actively preparing for placements."
57,CSE20240057,Neha Krishnan,Male,20,neha.krishnan57@cse.university.edu,+91-9804433388,2024,6,Natural Language Processing,7.51,Cloud Computing; Algorithms; Object Oriented Programming; Operating Systems; Mobile App Development,JavaScript; Flask; Data Analysis; AWS; PyTorch; TensorFlow,Dr. J. Das,74,Pending,Chennai,Tamil Nadu,AB-,Robotics Club,Not Placed,None,0,"Neha Krishnan (Roll No: CSE20240057) is a 20-year-old Male student in the Computer Science Department, enrolled in 2024, currently in semester 6. They are specializing in Natural Language Processing with a current CGPA of 7.51. Their coursework includes Cloud Computing, Algorithms, Object Oriented Programming, Operating Systems, Mobile App Development. Key technical skills: JavaScript, Flask, Data Analysis, AWS, PyTorch, TensorFlow. Academic advisor: Dr. J. Das. Attendance stands at 74%. Fee status: Pending. Based in Chennai, Tamil Nadu. Active in Robotics Club. Not yet placed; actively preparing for placements."
58,CSE20260058,Noah Johnson,Female,19,noah.johnson58@cse.university.edu,+91-9946237594,2026,1,Computer Networks,7.21,Cloud Computing; Computer Networks; Data Mining; Operating Systems; Computer Graphics,Django; Kubernetes; Python; Pandas; PyTorch; Node.js,Dr. P. Rao,79,Paid,Pune,Maharashtra,O-,College Football Team,Placed,Wipro,11.1,"Noah Johnson (Roll No: CSE20260058) is a 19-year-old Female student in the Computer Science Department, enrolled in 2026, currently in semester 1. They are specializing in Computer Networks with a current CGPA of 7.21. Their coursework includes Cloud Computing, Computer Networks, Data Mining, Operating Systems, Computer Graphics. Key technical skills: Django, Kubernetes, Python, Pandas, PyTorch, Node.js. Academic advisor: Dr. P. Rao. Attendance stands at 79%. Fee status: Paid. Based in Pune, Maharashtra. Active in College Football Team. Placed at Wipro with a package of 11.1 LPA."
59,CSE20240059,Reyansh Krishnan,Male,23,reyansh.krishnan59@cse.university.edu,+91-9828326405,2024,5,Data Science,8.33,Machine Learning; Object Oriented Programming; Theory of Computation; Distributed Systems; Algorithms,Azure; Kubernetes; Data Analysis; MongoDB; Git; PyTorch,Dr. N. Bose,95,Paid,Vijayawada,Andhra Pradesh,B-,Music Club,Not Placed,None,0,"Reyansh Krishnan (Roll No: CSE20240059) is a 23-year-old Male student in the Computer Science Department, enrolled in 2024, currently in semester 5. They are specializing in Data Science with a current CGPA of 8.33. Their coursework includes Machine Learning, Object Oriented Programming, Theory of Computation, Distributed Systems, Algorithms. Key technical skills: Azure, Kubernetes, Data Analysis, MongoDB, Git, PyTorch. Academic advisor: Dr. N. Bose. Attendance stands at 95%. Fee status: Paid. Based in Vijayawada, Andhra Pradesh. Active in Music Club. Not yet placed; actively preparing for placements."
60,CSE20250060,Lakshmi Mukherjee,Female,20,lakshmi.mukherjee60@cse.university.edu,+91-9198476695,2025,4,Database Systems,9.77,Deep Learning; Computer Networks; Software Engineering; Algorithms; Artificial Intelligence,Kubernetes; Flask; JavaScript; Django; Data Analysis; PyTorch,Dr. S. Iyer,97,Paid,Chennai,Tamil Nadu,AB+,AI Research Group,Not Placed,None,0,"Lakshmi Mukherjee (Roll No: CSE20250060) is a 20-year-old Female student in the Computer Science Department, enrolled in 2025, currently in semester 4. They are specializing in Database Systems with a current CGPA of 9.77. Their coursework includes Deep Learning, Computer Networks, Software Engineering, Algorithms, Artificial Intelligence. Key technical skills: Kubernetes, Flask, JavaScript, Django, Data Analysis, PyTorch. Academic advisor: Dr. S. Iyer. Attendance stands at 97%. Fee status: Paid. Based in Chennai, Tamil Nadu. Active in AI Research Group. Not yet placed; actively preparing for placements."
61,CSE20220061,Kiara Chen,Female,20,kiara.chen61@cse.university.edu,+91-9581682167,2022,8,Blockchain Technology,6.21,Cybersecurity Fundamentals; Compiler Design; Cryptography; Operating Systems; Object Oriented Programming,MongoDB; Python; Docker; JavaScript; Data Analysis; React,Dr. A. Gupta,73,Scholarship,Hyderabad,Telangana,AB+,AI Research Group,Not Placed,None,0,"Kiara Chen (Roll No: CSE20220061) is a 20-year-old Female student in the Computer Science Department, enrolled in 2022, currently in semester 8. They are specializing in Blockchain Technology with a current CGPA of 6.21. Their coursework includes Cybersecurity Fundamentals, Compiler Design, Cryptography, Operating Systems, Object Oriented Programming. Key technical skills: MongoDB, Python, Docker, JavaScript, Data Analysis, React. Academic advisor: Dr. A. Gupta. Attendance stands at 73%. Fee status: Scholarship. Based in Hyderabad, Telangana. Active in AI Research Group. Not yet placed; actively preparing for placements."
62,CSE20240062,Swati Sharma,Male,18,swati.sharma62@cse.university.edu,+91-9412750915,2024,5,Blockchain Technology,9.26,Object Oriented Programming; Data Mining; Computer Graphics; DBMS; Web Technologies,MongoDB; PyTorch; JavaScript; Java; NumPy; Azure,Dr. J. Das,96,Scholarship,Delhi,Delhi,A-,Robotics Club,Placed,IBM,21.2,"Swati Sharma (Roll No: CSE20240062) is a 18-year-old Male student in the Computer Science Department, enrolled in 2024, currently in semester 5. They are specializing in Blockchain Technology with a current CGPA of 9.26. Their coursework includes Object Oriented Programming, Data Mining, Computer Graphics, DBMS, Web Technologies. Key technical skills: MongoDB, PyTorch, JavaScript, Java, NumPy, Azure. Academic advisor: Dr. J. Das. Attendance stands at 96%. Fee status: Scholarship. Based in Delhi, Delhi. Active in Robotics Club. Placed at IBM with a package of 21.2 LPA."
63,CSE20260063,Akash Sharma,Female,19,akash.sharma63@cse.university.edu,+91-9478278218,2026,2,Human-Computer Interaction,6.73,Operating Systems; Data Mining; Cybersecurity Fundamentals; Object Oriented Programming; Data Structures,AWS; Linux; Java; Machine Learning; NumPy; Kubernetes,Dr. K. Nair,87,Paid,Hyderabad,Telangana,AB-,Robotics Club,Placed,Adobe,7.2,"Akash Sharma (Roll No: CSE20260063) is a 19-year-old Female student in the Computer Science Department, enrolled in 2026, currently in semester 2. They are specializing in Human-Computer Interaction with a current CGPA of 6.73. Their coursework includes Operating Systems, Data Mining, Cybersecurity Fundamentals, Object Oriented Programming, Data Structures. Key technical skills: AWS, Linux, Java, Machine Learning, NumPy, Kubernetes. Academic advisor: Dr. K. Nair. Attendance stands at 87%. Fee status: Paid. Based in Hyderabad, Telangana. Active in Robotics Club. Placed at Adobe with a package of 7.2 LPA."
64,CSE20250064,Kavya Singh,Male,23,kavya.singh64@cse.university.edu,+91-9938422254,2025,4,Natural Language Processing,8.46,Computer Networks; Operating Systems; Distributed Systems; Algorithms; Web Technologies,SQL; Java; NumPy; Pandas; Docker; PyTorch,Dr. T. Krishnan,67,Scholarship,Mumbai,Maharashtra,O-,Music Club,Placed,Deloitte,12.6,"Kavya Singh (Roll No: CSE20250064) is a 23-year-old Male student in the Computer Science Department, enrolled in 2025, currently in semester 4. They are specializing in Natural Language Processing with a current CGPA of 8.46. Their coursework includes Computer Networks, Operating Systems, Distributed Systems, Algorithms, Web Technologies. Key technical skills: SQL, Java, NumPy, Pandas, Docker, PyTorch. Academic advisor: Dr. T. Krishnan. Attendance stands at 67%. Fee status: Scholarship. Based in Mumbai, Maharashtra. Active in Music Club. Placed at Deloitte with a package of 12.6 LPA."
65,CSE20220065,Vihaan Wang,Female,20,vihaan.wang65@cse.university.edu,+91-9444898148,2022,8,Computer Networks,7.7,Distributed Systems; Cryptography; Cloud Computing; Machine Learning; Artificial Intelligence,Pandas; Linux; Kubernetes; Django; TensorFlow; C++,Dr. V. Kulkarni,76,Scholarship,Bengaluru,Karnataka,O+,Hackathon Organizer,Not Placed,None,0,"Vihaan Wang (Roll No: CSE20220065) is a 20-year-old Female student in the Computer Science Department, enrolled in 2022, currently in semester 8. They are specializing in Computer Networks with a current CGPA of 7.7. Their coursework includes Distributed Systems, Cryptography, Cloud Computing, Machine Learning, Artificial Intelligence. Key technical skills: Pandas, Linux, Kubernetes, Django, TensorFlow, C++. Academic advisor: Dr. V. Kulkarni. Attendance stands at 76%. Fee status: Scholarship. Based in Bengaluru, Karnataka. Active in Hackathon Organizer. Not yet placed; actively preparing for placements."
66,CSE20240066,Reyansh Reddy,Female,23,reyansh.reddy66@cse.university.edu,+91-9172191273,2024,6,Computer Vision,7.74,Computer Graphics; Machine Learning; Distributed Systems; Cybersecurity Fundamentals; Mobile App Development,Java; Kubernetes; REST APIs; Azure; TensorFlow; NumPy,Dr. S. Iyer,75,Paid,Mumbai,Maharashtra,AB-,Open Source Contributor,Placed,Capgemini,4.8,"Reyansh Reddy (Roll No: CSE20240066) is a 23-year-old Female student in the Computer Science Department, enrolled in 2024, currently in semester 6. They are specializing in Computer Vision with a current CGPA of 7.74. Their coursework includes Computer Graphics, Machine Learning, Distributed Systems, Cybersecurity Fundamentals, Mobile App Development. Key technical skills: Java, Kubernetes, REST APIs, Azure, TensorFlow, NumPy. Academic advisor: Dr. S. Iyer. Attendance stands at 75%. Fee status: Paid. Based in Mumbai, Maharashtra. Active in Open Source Contributor. Placed at Capgemini with a package of 4.8 LPA."
67,CSE20250067,Myra Lee,Female,20,myra.lee67@cse.university.edu,+91-9703091482,2025,3,Human-Computer Interaction,8.36,Distributed Systems; Cybersecurity Fundamentals; Theory of Computation; Object Oriented Programming; Operating Systems,HTML/CSS; React; Django; Kubernetes; AWS; Docker,Dr. K. Nair,76,Pending,Vijayawada,Andhra Pradesh,A-,Coding Club,Not Placed,None,0,"Myra Lee (Roll No: CSE20250067) is a 20-year-old Female student in the Computer Science Department, enrolled in 2025, currently in semester 3. They are specializing in Human-Computer Interaction with a current CGPA of 8.36. Their coursework includes Distributed Systems, Cybersecurity Fundamentals, Theory of Computation, Object Oriented Programming, Operating Systems. Key technical skills: HTML/CSS, React, Django, Kubernetes, AWS, Docker. Academic advisor: Dr. K. Nair. Attendance stands at 76%. Fee status: Pending. Based in Vijayawada, Andhra Pradesh. Active in Coding Club. Not yet placed; actively preparing for placements."
68,CSE20250068,Krishna Menon,Female,23,krishna.menon68@cse.university.edu,+91-9230311939,2025,3,Cloud Computing,9.89,Artificial Intelligence; Deep Learning; DBMS; Computer Networks; Operating Systems,Git; Node.js; NumPy; C++; Docker; Kubernetes,Dr. S. Iyer,75,Scholarship,Kolkata,West Bengal,AB+,Music Club,Placed,Flipkart,16.2,"Krishna Menon (Roll No: CSE20250068) is a 23-year-old Female student in the Computer Science Department, enrolled in 2025, currently in semester 3. They are specializing in Cloud Computing with a current CGPA of 9.89. Their coursework includes Artificial Intelligence, Deep Learning, DBMS, Computer Networks, Operating Systems. Key technical skills: Git, Node.js, NumPy, C++, Docker, Kubernetes. Academic advisor: Dr. S. Iyer. Attendance stands at 75%. Fee status: Scholarship. Based in Kolkata, West Bengal. Active in Music Club. Placed at Flipkart with a package of 16.2 LPA."
69,CSE20250069,Saanvi Kim,Male,19,saanvi.kim69@cse.university.edu,+91-9655511084,2025,3,Internet of Things,7.41,Cybersecurity Fundamentals; Distributed Systems; Mobile App Development; Computer Networks; Operating Systems,C++; PyTorch; AWS; Linux; Django; Azure,Dr. V. Kulkarni,85,Scholarship,Kochi,Kerala,A-,Debate Society,Placed,Capgemini,15.2,"Saanvi Kim (Roll No: CSE20250069) is a 19-year-old Male student in the Computer Science Department, enrolled in 2025, currently in semester 3. They are specializing in Internet of Things with a current CGPA of 7.41. Their coursework includes Cybersecurity Fundamentals, Distributed Systems, Mobile App Development, Computer Networks, Operating Systems. Key technical skills: C++, PyTorch, AWS, Linux, Django, Azure. Academic advisor: Dr. V. Kulkarni. Attendance stands at 85%. Fee status: Scholarship. Based in Kochi, Kerala. Active in Debate Society. Placed at Capgemini with a package of 15.2 LPA."
70,CSE20250070,Suresh Iyer,Male,19,suresh.iyer70@cse.university.edu,+91-9723464439,2025,3,Blockchain Technology,9.24,Computer Networks; Web Technologies; Machine Learning; Mobile App Development; Cloud Computing,Pandas; MongoDB; Kubernetes; Django; PyTorch; C++,Dr. K. Nair,84,Scholarship,Vijayawada,Andhra Pradesh,AB+,Debate Society,Placed,Amazon,18.2,"Suresh Iyer (Roll No: CSE20250070) is a 19-year-old Male student in the Computer Science Department, enrolled in 2025, currently in semester 3. They are specializing in Blockchain Technology with a current CGPA of 9.24. Their coursework includes Computer Networks, Web Technologies, Machine Learning, Mobile App Development, Cloud Computing. Key technical skills: Pandas, MongoDB, Kubernetes, Django, PyTorch, C++. Academic advisor: Dr. K. Nair. Attendance stands at 84%. Fee status: Scholarship. Based in Vijayawada, Andhra Pradesh. Active in Debate Society. Placed at Amazon with a package of 18.2 LPA."
71,CSE20220071,Rohan Gupta,Female,22,rohan.gupta71@cse.university.edu,+91-9619960692,2022,8,Human-Computer Interaction,6.32,Theory of Computation; Software Engineering; Deep Learning; Computer Graphics; Data Structures,Linux; Machine Learning; Flask; PyTorch; Pandas; NumPy,Dr. P. Rao,69,Scholarship,Mumbai,Maharashtra,AB+,AI Research Group,Placed,Amazon,14.6,"Rohan Gupta (Roll No: CSE20220071) is a 22-year-old Female student in the Computer Science Department, enrolled in 2022, currently in semester 8. They are specializing in Human-Computer Interaction with a current CGPA of 6.32. Their coursework includes Theory of Computation, Software Engineering, Deep Learning, Computer Graphics, Data Structures. Key technical skills: Linux, Machine Learning, Flask, PyTorch, Pandas, NumPy. Academic advisor: Dr. P. Rao. Attendance stands at 69%. Fee status: Scholarship. Based in Mumbai, Maharashtra. Active in AI Research Group. Placed at Amazon with a package of 14.6 LPA."
72,CSE20230072,Siddharth Patel,Female,22,siddharth.patel72@cse.university.edu,+91-9366578178,2023,8,Software Engineering,9.36,Cybersecurity Fundamentals; Cryptography; Computer Networks; Object Oriented Programming; DBMS,Docker; MongoDB; Git; JavaScript; TensorFlow; Data Analysis,Dr. P. Rao,83,Pending,Chennai,Tamil Nadu,A-,Coding Club,Not Placed,None,0,"Siddharth Patel (Roll No: CSE20230072) is a 22-year-old Female student in the Computer Science Department, enrolled in 2023, currently in semester 8. They are specializing in Software Engineering with a current CGPA of 9.36. Their coursework includes Cybersecurity Fundamentals, Cryptography, Computer Networks, Object Oriented Programming, DBMS. Key technical skills: Docker, MongoDB, Git, JavaScript, TensorFlow, Data Analysis. Academic advisor: Dr. P. Rao. Attendance stands at 83%. Fee status: Pending. Based in Chennai, Tamil Nadu. Active in Coding Club. Not yet placed; actively preparing for placements."
73,CSE20240073,Ananya Chen,Female,22,ananya.chen73@cse.university.edu,+91-9741580895,2024,5,Web Development,8.98,Data Mining; Distributed Systems; Artificial Intelligence; Web Technologies; Mobile App Development,Python; C++; AWS; Django; Git; MongoDB,Dr. P. Rao,68,Pending,Kochi,Kerala,AB-,Coding Club,Not Placed,None,0,"Ananya Chen (Roll No: CSE20240073) is a 22-year-old Female student in the Computer Science Department, enrolled in 2024, currently in semester 5. They are specializing in Web Development with a current CGPA of 8.98. Their coursework includes Data Mining, Distributed Systems, Artificial Intelligence, Web Technologies, Mobile App Development. Key technical skills: Python, C++, AWS, Django, Git, MongoDB. Academic advisor: Dr. P. Rao. Attendance stands at 68%. Fee status: Pending. Based in Kochi, Kerala. Active in Coding Club. Not yet placed; actively preparing for placements."
74,CSE20260074,Emma Johnson,Female,20,emma.johnson74@cse.university.edu,+91-9920772671,2026,1,Computer Networks,9.3,Computer Networks; Software Engineering; Cybersecurity Fundamentals; Cryptography; Mobile App Development,Java; AWS; NumPy; HTML/CSS; Flask; SQL,Dr. M. Chatterjee,89,Scholarship,Kolkata,West Bengal,AB+,Robotics Club,Not Placed,None,0,"Emma Johnson (Roll No: CSE20260074) is a 20-year-old Female student in the Computer Science Department, enrolled in 2026, currently in semester 1. They are specializing in Computer Networks with a current CGPA of 9.3. Their coursework includes Computer Networks, Software Engineering, Cybersecurity Fundamentals, Cryptography, Mobile App Development. Key technical skills: Java, AWS, NumPy, HTML/CSS, Flask, SQL. Academic advisor: Dr. M. Chatterjee. Attendance stands at 89%. Fee status: Scholarship. Based in Kolkata, West Bengal. Active in Robotics Club. Not yet placed; actively preparing for placements."
75,CSE20220075,Meera Menon,Male,19,meera.menon75@cse.university.edu,+91-9758276886,2022,8,Software Engineering,7.46,Mobile App Development; Cybersecurity Fundamentals; Computer Networks; Deep Learning; Cryptography,Django; Java; Pandas; Data Analysis; React; Docker,Dr. N. Bose,97,Paid,Kolkata,West Bengal,O-,Debate Society,Not Placed,None,0,"Meera Menon (Roll No: CSE20220075) is a 19-year-old Male student in the Computer Science Department, enrolled in 2022, currently in semester 8. They are specializing in Software Engineering with a current CGPA of 7.46. Their coursework includes Mobile App Development, Cybersecurity Fundamentals, Computer Networks, Deep Learning, Cryptography. Key technical skills: Django, Java, Pandas, Data Analysis, React, Docker. Academic advisor: Dr. N. Bose. Attendance stands at 97%. Fee status: Paid. Based in Kolkata, West Bengal. Active in Debate Society. Not yet placed; actively preparing for placements."
76,CSE20240076,Rahul Gupta,Female,22,rahul.gupta76@cse.university.edu,+91-9775410705,2024,6,Blockchain Technology,7.98,Mobile App Development; Artificial Intelligence; Web Technologies; Theory of Computation; Data Structures,Kubernetes; Docker; Data Analysis; JavaScript; Azure; HTML/CSS,Dr. K. Nair,79,Scholarship,Hyderabad,Telangana,O-,Music Club,Placed,None,8.1,"Rahul Gupta (Roll No: CSE20240076) is a 22-year-old Female student in the Computer Science Department, enrolled in 2024, currently in semester 6. They are specializing in Blockchain Technology with a current CGPA of 7.98. Their coursework includes Mobile App Development, Artificial Intelligence, Web Technologies, Theory of Computation, Data Structures. Key technical skills: Kubernetes, Docker, Data Analysis, JavaScript, Azure, HTML/CSS. Academic advisor: Dr. K. Nair. Attendance stands at 79%. Fee status: Scholarship. Based in Hyderabad, Telangana. Active in Music Club. Placed at None with a package of 8.1 LPA."
77,CSE20230077,Ethan Chatterjee,Female,19,ethan.chatterjee77@cse.university.edu,+91-9811060614,2023,7,Computer Vision,8.23,DBMS; Deep Learning; Data Structures; Distributed Systems; Cloud Computing,Azure; React; NumPy; SQL; Data Analysis; Django,Dr. J. Das,98,Paid,Delhi,Delhi,A+,Debate Society,Not Placed,None,0,"Ethan Chatterjee (Roll No: CSE20230077) is a 19-year-old Female student in the Computer Science Department, enrolled in 2023, currently in semester 7. They are specializing in Computer Vision with a current CGPA of 8.23. Their coursework includes DBMS, Deep Learning, Data Structures, Distributed Systems, Cloud Computing. Key technical skills: Azure, React, NumPy, SQL, Data Analysis, Django. Academic advisor: Dr. J. Das. Attendance stands at 98%. Fee status: Paid. Based in Delhi, Delhi. Active in Debate Society. Not yet placed; actively preparing for placements."
78,CSE20230078,Priya Krishnan,Female,20,priya.krishnan78@cse.university.edu,+91-9409011489,2023,8,Software Engineering,9.56,Mobile App Development; Cybersecurity Fundamentals; Software Engineering; Artificial Intelligence; Deep Learning,MongoDB; TensorFlow; Flask; PyTorch; NumPy; Machine Learning,Dr. K. Nair,95,Pending,Vijayawada,Andhra Pradesh,O-,Photography Club,Not Placed,None,0,"Priya Krishnan (Roll No: CSE20230078) is a 20-year-old Female student in the Computer Science Department, enrolled in 2023, currently in semester 8. They are specializing in Software Engineering with a current CGPA of 9.56. Their coursework includes Mobile App Development, Cybersecurity Fundamentals, Software Engineering, Artificial Intelligence, Deep Learning. Key technical skills: MongoDB, TensorFlow, Flask, PyTorch, NumPy, Machine Learning. Academic advisor: Dr. K. Nair. Attendance stands at 95%. Fee status: Pending. Based in Vijayawada, Andhra Pradesh. Active in Photography Club. Not yet placed; actively preparing for placements."
79,CSE20240079,Krishna Malhotra,Female,21,krishna.malhotra79@cse.university.edu,+91-9543778963,2024,5,Cloud Computing,7.13,Operating Systems; Cybersecurity Fundamentals; Distributed Systems; Software Engineering; Artificial Intelligence,SQL; NumPy; Flask; TensorFlow; Data Analysis; Machine Learning,Dr. A. Gupta,68,Scholarship,Bengaluru,Karnataka,B-,College Football Team,Placed,IBM,5.3,"Krishna Malhotra (Roll No: CSE20240079) is a 21-year-old Female student in the Computer Science Department, enrolled in 2024, currently in semester 5. They are specializing in Cloud Computing with a current CGPA of 7.13. Their coursework includes Operating Systems, Cybersecurity Fundamentals, Distributed Systems, Software Engineering, Artificial Intelligence. Key technical skills: SQL, NumPy, Flask, TensorFlow, Data Analysis, Machine Learning. Academic advisor: Dr. A. Gupta. Attendance stands at 68%. Fee status: Scholarship. Based in Bengaluru, Karnataka. Active in College Football Team. Placed at IBM with a package of 5.3 LPA."
80,CSE20230080,Karthik Williams,Female,18,karthik.williams80@cse.university.edu,+91-9300050585,2023,7,Embedded Systems,9.76,Machine Learning; Computer Graphics; Artificial Intelligence; Mobile App Development; Deep Learning,PyTorch; Docker; NumPy; Machine Learning; Java; C++,Dr. J. Das,91,Paid,Vijayawada,Andhra Pradesh,A+,Debate Society,Placed,Zoho,22.9,"Karthik Williams (Roll No: CSE20230080) is a 18-year-old Female student in the Computer Science Department, enrolled in 2023, currently in semester 7. They are specializing in Embedded Systems with a current CGPA of 9.76. Their coursework includes Machine Learning, Computer Graphics, Artificial Intelligence, Mobile App Development, Deep Learning. Key technical skills: PyTorch, Docker, NumPy, Machine Learning, Java, C++. Academic advisor: Dr. J. Das. Attendance stands at 91%. Fee status: Paid. Based in Vijayawada, Andhra Pradesh. Active in Debate Society. Placed at Zoho with a package of 22.9 LPA."
81,CSE20220081,Sophia Wang,Female,18,sophia.wang81@cse.university.edu,+91-9949080318,2022,8,Machine Learning,8.22,Cloud Computing; Web Technologies; Distributed Systems; Data Mining; Artificial Intelligence,React; Django; Git; TensorFlow; SQL; JavaScript,Dr. M. Chatterjee,81,Scholarship,Chennai,Tamil Nadu,O-,None,Placed,TCS,21.7,"Sophia Wang (Roll No: CSE20220081) is a 18-year-old Female student in the Computer Science Department, enrolled in 2022, currently in semester 8. They are specializing in Machine Learning with a current CGPA of 8.22. Their coursework includes Cloud Computing, Web Technologies, Distributed Systems, Data Mining, Artificial Intelligence. Key technical skills: React, Django, Git, TensorFlow, SQL, JavaScript. Academic advisor: Dr. M. Chatterjee. Attendance stands at 81%. Fee status: Scholarship. Based in Chennai, Tamil Nadu. Active in None. Placed at TCS with a package of 21.7 LPA."
82,CSE20260082,Pari Malhotra,Male,19,pari.malhotra82@cse.university.edu,+91-9843854609,2026,2,Blockchain Technology,9.23,Cloud Computing; Operating Systems; Cryptography; DBMS; Machine Learning,React; Linux; Docker; MongoDB; Python; TensorFlow,Dr. V. Kulkarni,86,Pending,Vijayawada,Andhra Pradesh,O-,Music Club,Placed,Cognizant,19.7,"Pari Malhotra (Roll No: CSE20260082) is a 19-year-old Male student in the Computer Science Department, enrolled in 2026, currently in semester 2. They are specializing in Blockchain Technology with a current CGPA of 9.23. Their coursework includes Cloud Computing, Operating Systems, Cryptography, DBMS, Machine Learning. Key technical skills: React, Linux, Docker, MongoDB, Python, TensorFlow. Academic advisor: Dr. V. Kulkarni. Attendance stands at 86%. Fee status: Pending. Based in Vijayawada, Andhra Pradesh. Active in Music Club. Placed at Cognizant with a package of 19.7 LPA."
83,CSE20240083,Myra Verma,Male,21,myra.verma83@cse.university.edu,+91-9488463544,2024,5,Blockchain Technology,7.58,Web Technologies; DBMS; Object Oriented Programming; Cybersecurity Fundamentals; Compiler Design,MongoDB; React; Linux; Pandas; Git; Kubernetes,Dr. V. Kulkarni,78,Paid,Kolkata,West Bengal,O-,Open Source Contributor,Placed,Capgemini,16.7,"Myra Verma (Roll No: CSE20240083) is a 21-year-old Male student in the Computer Science Department, enrolled in 2024, currently in semester 5. They are specializing in Blockchain Technology with a current CGPA of 7.58. Their coursework includes Web Technologies, DBMS, Object Oriented Programming, Cybersecurity Fundamentals, Compiler Design. Key technical skills: MongoDB, React, Linux, Pandas, Git, Kubernetes. Academic advisor: Dr. V. Kulkarni. Attendance stands at 78%. Fee status: Paid. Based in Kolkata, West Bengal. Active in Open Source Contributor. Placed at Capgemini with a package of 16.7 LPA."
84,CSE20260084,Arjun Malhotra,Male,18,arjun.malhotra84@cse.university.edu,+91-9705495031,2026,1,Data Science,8.23,Machine Learning; Cloud Computing; Data Mining; Distributed Systems; DBMS,Data Analysis; SQL; HTML/CSS; Linux; C++; Django,Dr. N. Bose,97,Pending,Hyderabad,Telangana,O-,Debate Society,Not Placed,None,0,"Arjun Malhotra (Roll No: CSE20260084) is a 18-year-old Male student in the Computer Science Department, enrolled in 2026, currently in semester 1. They are specializing in Data Science with a current CGPA of 8.23. Their coursework includes Machine Learning, Cloud Computing, Data Mining, Distributed Systems, DBMS. Key technical skills: Data Analysis, SQL, HTML/CSS, Linux, C++, Django. Academic advisor: Dr. N. Bose. Attendance stands at 97%. Fee status: Pending. Based in Hyderabad, Telangana. Active in Debate Society. Not yet placed; actively preparing for placements."
85,CSE20240085,Vihaan Joshi,Female,23,vihaan.joshi85@cse.university.edu,+91-9502074351,2024,5,Database Systems,7.54,Data Structures; Deep Learning; Operating Systems; Algorithms; Computer Graphics,Kubernetes; Pandas; C++; Flask; Java; Data Analysis,Dr. N. Bose,76,Paid,Hyderabad,Telangana,AB+,Drama Club,Not Placed,None,0,"Vihaan Joshi (Roll No: CSE20240085) is a 23-year-old Female student in the Computer Science Department, enrolled in 2024, currently in semester 5. They are specializing in Database Systems with a current CGPA of 7.54. Their coursework includes Data Structures, Deep Learning, Operating Systems, Algorithms, Computer Graphics. Key technical skills: Kubernetes, Pandas, C++, Flask, Java, Data Analysis. Academic advisor: Dr. N. Bose. Attendance stands at 76%. Fee status: Paid. Based in Hyderabad, Telangana. Active in Drama Club. Not yet placed; actively preparing for placements."
86,CSE20220086,Vikram Mukherjee,Female,21,vikram.mukherjee86@cse.university.edu,+91-9266560311,2022,8,Software Engineering,8.55,DBMS; Machine Learning; Mobile App Development; Cryptography; Computer Networks,NumPy; MongoDB; Python; Data Analysis; PyTorch; Git,Dr. T. Krishnan,80,Pending,Mumbai,Maharashtra,O+,College Football Team,Not Placed,None,0,"Vikram Mukherjee (Roll No: CSE20220086) is a 21-year-old Female student in the Computer Science Department, enrolled in 2022, currently in semester 8. They are specializing in Software Engineering with a current CGPA of 8.55. Their coursework includes DBMS, Machine Learning, Mobile App Development, Cryptography, Computer Networks. Key technical skills: NumPy, MongoDB, Python, Data Analysis, PyTorch, Git. Academic advisor: Dr. T. Krishnan. Attendance stands at 80%. Fee status: Pending. Based in Mumbai, Maharashtra. Active in College Football Team. Not yet placed; actively preparing for placements."
87,CSE20250087,Navya Patel,Male,18,navya.patel87@cse.university.edu,+91-9720058859,2025,3,Machine Learning,6.94,DBMS; Algorithms; Distributed Systems; Theory of Computation; Compiler Design,NumPy; Java; AWS; Git; MongoDB; Flask,Dr. P. Rao,83,Paid,Hyderabad,Telangana,B+,Open Source Contributor,Not Placed,None,0,"Navya Patel (Roll No: CSE20250087) is a 18-year-old Male student in the Computer Science Department, enrolled in 2025, currently in semester 3. They are specializing in Machine Learning with a current CGPA of 6.94. Their coursework includes DBMS, Algorithms, Distributed Systems, Theory of Computation, Compiler Design. Key technical skills: NumPy, Java, AWS, Git, MongoDB, Flask. Academic advisor: Dr. P. Rao. Attendance stands at 83%. Fee status: Paid. Based in Hyderabad, Telangana. Active in Open Source Contributor. Not yet placed; actively preparing for placements."
88,CSE20240088,Shreya Lee,Female,19,shreya.lee88@cse.university.edu,+91-9847655456,2024,5,Blockchain Technology,9.84,Compiler Design; Computer Graphics; Web Technologies; Software Engineering; Algorithms,Flask; HTML/CSS; Node.js; Machine Learning; Azure; NumPy,Dr. N. Bose,89,Scholarship,Hyderabad,Telangana,AB-,None,Not Placed,None,0,"Shreya Lee (Roll No: CSE20240088) is a 19-year-old Female student in the Computer Science Department, enrolled in 2024, currently in semester 5. They are specializing in Blockchain Technology with a current CGPA of 9.84. Their coursework includes Compiler Design, Computer Graphics, Web Technologies, Software Engineering, Algorithms. Key technical skills: Flask, HTML/CSS, Node.js, Machine Learning, Azure, NumPy. Academic advisor: Dr. N. Bose. Attendance stands at 89%. Fee status: Scholarship. Based in Hyderabad, Telangana. Active in None. Not yet placed; actively preparing for placements."
89,CSE20250089,Nikhil Bose,Male,20,nikhil.bose89@cse.university.edu,+91-9199282456,2025,3,Web Development,8.94,Compiler Design; Object Oriented Programming; Web Technologies; Computer Networks; Distributed Systems,Java; Flask; Azure; Data Analysis; Pandas; Django,Dr. A. Gupta,78,Pending,Mumbai,Maharashtra,B-,Music Club,Placed,Capgemini,24.3,"Nikhil Bose (Roll No: CSE20250089) is a 20-year-old Male student in the Computer Science Department, enrolled in 2025, currently in semester 3. They are specializing in Web Development with a current CGPA of 8.94. Their coursework includes Compiler Design, Object Oriented Programming, Web Technologies, Computer Networks, Distributed Systems. Key technical skills: Java, Flask, Azure, Data Analysis, Pandas, Django. Academic advisor: Dr. A. Gupta. Attendance stands at 78%. Fee status: Pending. Based in Mumbai, Maharashtra. Active in Music Club. Placed at Capgemini with a package of 24.3 LPA."
90,CSE20240090,Kavya Brown,Male,18,kavya.brown90@cse.university.edu,+91-9508732434,2024,6,Internet of Things,8.63,Algorithms; Operating Systems; Deep Learning; Mobile App Development; Artificial Intelligence,SQL; Docker; PyTorch; Python; NumPy; REST APIs,Dr. S. Iyer,78,Pending,Delhi,Delhi,B-,Hackathon Organizer,Placed,Adobe,22.6,"Kavya Brown (Roll No: CSE20240090) is a 18-year-old Male student in the Computer Science Department, enrolled in 2024, currently in semester 6. They are specializing in Internet of Things with a current CGPA of 8.63. Their coursework includes Algorithms, Operating Systems, Deep Learning, Mobile App Development, Artificial Intelligence. Key technical skills: SQL, Docker, PyTorch, Python, NumPy, REST APIs. Academic advisor: Dr. S. Iyer. Attendance stands at 78%. Fee status: Pending. Based in Delhi, Delhi. Active in Hackathon Organizer. Placed at Adobe with a package of 22.6 LPA."
91,CSE20240091,Siddharth Joshi,Female,20,siddharth.joshi91@cse.university.edu,+91-9507849850,2024,6,Web Development,8.0,Distributed Systems; DBMS; Artificial Intelligence; Cloud Computing; Deep Learning,Kubernetes; Docker; Azure; Java; HTML/CSS; MongoDB,Dr. A. Gupta,91,Pending,Hyderabad,Telangana,AB+,Open Source Contributor,Placed,Accenture,11.9,"Siddharth Joshi (Roll No: CSE20240091) is a 20-year-old Female student in the Computer Science Department, enrolled in 2024, currently in semester 6. They are specializing in Web Development with a current CGPA of 8.0. Their coursework includes Distributed Systems, DBMS, Artificial Intelligence, Cloud Computing, Deep Learning. Key technical skills: Kubernetes, Docker, Azure, Java, HTML/CSS, MongoDB. Academic advisor: Dr. A. Gupta. Attendance stands at 91%. Fee status: Pending. Based in Hyderabad, Telangana. Active in Open Source Contributor. Placed at Accenture with a package of 11.9 LPA."
92,CSE20260092,Lakshmi Chen,Male,21,lakshmi.chen92@cse.university.edu,+91-9247630403,2026,2,Database Systems,7.0,Artificial Intelligence; Object Oriented Programming; Distributed Systems; Machine Learning; Cybersecurity Fundamentals,Node.js; React; Flask; Linux; NumPy; Data Analysis,Dr. R. Menon,68,Paid,Kolkata,West Bengal,A+,Robotics Club,Not Placed,None,0,"Lakshmi Chen (Roll No: CSE20260092) is a 21-year-old Male student in the Computer Science Department, enrolled in 2026, currently in semester 2. They are specializing in Database Systems with a current CGPA of 7.0. Their coursework includes Artificial Intelligence, Object Oriented Programming, Distributed Systems, Machine Learning, Cybersecurity Fundamentals. Key technical skills: Node.js, React, Flask, Linux, NumPy, Data Analysis. Academic advisor: Dr. R. Menon. Attendance stands at 68%. Fee status: Paid. Based in Kolkata, West Bengal. Active in Robotics Club. Not yet placed; actively preparing for placements."
93,CSE20230093,James Rao,Male,23,james.rao93@cse.university.edu,+91-9965615974,2023,7,Web Development,6.85,Cybersecurity Fundamentals; Algorithms; Artificial Intelligence; Mobile App Development; Data Structures,Python; Flask; Pandas; Azure; NumPy; REST APIs,Dr. T. Krishnan,97,Scholarship,Visakhapatnam,Andhra Pradesh,AB+,Coding Club,Not Placed,None,0,"James Rao (Roll No: CSE20230093) is a 23-year-old Male student in the Computer Science Department, enrolled in 2023, currently in semester 7. They are specializing in Web Development with a current CGPA of 6.85. Their coursework includes Cybersecurity Fundamentals, Algorithms, Artificial Intelligence, Mobile App Development, Data Structures. Key technical skills: Python, Flask, Pandas, Azure, NumPy, REST APIs. Academic advisor: Dr. T. Krishnan. Attendance stands at 97%. Fee status: Scholarship. Based in Visakhapatnam, Andhra Pradesh. Active in Coding Club. Not yet placed; actively preparing for placements."
94,CSE20230094,Diya Nair,Male,22,diya.nair94@cse.university.edu,+91-9693458652,2023,7,Blockchain Technology,6.75,Software Engineering; Cybersecurity Fundamentals; Object Oriented Programming; Cryptography; Operating Systems,Kubernetes; AWS; Git; HTML/CSS; MongoDB; REST APIs,Dr. K. Nair,90,Pending,Bengaluru,Karnataka,A+,Robotics Club,Not Placed,None,0,"Diya Nair (Roll No: CSE20230094) is a 22-year-old Male student in the Computer Science Department, enrolled in 2023, currently in semester 7. They are specializing in Blockchain Technology with a current CGPA of 6.75. Their coursework includes Software Engineering, Cybersecurity Fundamentals, Object Oriented Programming, Cryptography, Operating Systems. Key technical skills: Kubernetes, AWS, Git, HTML/CSS, MongoDB, REST APIs. Academic advisor: Dr. K. Nair. Attendance stands at 90%. Fee status: Pending. Based in Bengaluru, Karnataka. Active in Robotics Club. Not yet placed; actively preparing for placements."
95,CSE20230095,Priya Verma,Male,23,priya.verma95@cse.university.edu,+91-9865268035,2023,7,Computer Networks,7.95,Cloud Computing; Theory of Computation; DBMS; Data Mining; Algorithms,MongoDB; SQL; HTML/CSS; Linux; TensorFlow; Java,Dr. S. Iyer,85,Paid,Visakhapatnam,Andhra Pradesh,A+,Debate Society,Placed,Microsoft,22.1,"Priya Verma (Roll No: CSE20230095) is a 23-year-old Male student in the Computer Science Department, enrolled in 2023, currently in semester 7. They are specializing in Computer Networks with a current CGPA of 7.95. Their coursework includes Cloud Computing, Theory of Computation, DBMS, Data Mining, Algorithms. Key technical skills: MongoDB, SQL, HTML/CSS, Linux, TensorFlow, Java. Academic advisor: Dr. S. Iyer. Attendance stands at 85%. Fee status: Paid. Based in Visakhapatnam, Andhra Pradesh. Active in Debate Society. Placed at Microsoft with a package of 22.1 LPA."
96,CSE20260096,Pranav Reddy,Female,19,pranav.reddy96@cse.university.edu,+91-9583774585,2026,1,Database Systems,8.21,Cryptography; Mobile App Development; Cloud Computing; Object Oriented Programming; Computer Networks,Pandas; C++; Django; Kubernetes; Java; JavaScript,Dr. V. Kulkarni,90,Pending,Vijayawada,Andhra Pradesh,A-,Photography Club,Placed,Cognizant,22.8,"Pranav Reddy (Roll No: CSE20260096) is a 19-year-old Female student in the Computer Science Department, enrolled in 2026, currently in semester 1. They are specializing in Database Systems with a current CGPA of 8.21. Their coursework includes Cryptography, Mobile App Development, Cloud Computing, Object Oriented Programming, Computer Networks. Key technical skills: Pandas, C++, Django, Kubernetes, Java, JavaScript. Academic advisor: Dr. V. Kulkarni. Attendance stands at 90%. Fee status: Pending. Based in Vijayawada, Andhra Pradesh. Active in Photography Club. Placed at Cognizant with a package of 22.8 LPA."
97,CSE20250097,Sneha Rao,Female,22,sneha.rao97@cse.university.edu,+91-9486458467,2025,4,Internet of Things,6.72,Cryptography; Operating Systems; Web Technologies; Compiler Design; Theory of Computation,C++; TensorFlow; React; AWS; Data Analysis; Machine Learning,Dr. M. Chatterjee,65,Pending,Pune,Maharashtra,A-,Robotics Club,Not Placed,None,0,"Sneha Rao (Roll No: CSE20250097) is a 22-year-old Female student in the Computer Science Department, enrolled in 2025, currently in semester 4. They are specializing in Internet of Things with a current CGPA of 6.72. Their coursework includes Cryptography, Operating Systems, Web Technologies, Compiler Design, Theory of Computation. Key technical skills: C++, TensorFlow, React, AWS, Data Analysis, Machine Learning. Academic advisor: Dr. M. Chatterjee. Attendance stands at 65%. Fee status: Pending. Based in Pune, Maharashtra. Active in Robotics Club. Not yet placed; actively preparing for placements."
98,CSE20220098,Mason Menon,Male,19,mason.menon98@cse.university.edu,+91-9282001119,2022,8,Blockchain Technology,7.68,Mobile App Development; Data Mining; Computer Graphics; DBMS; Data Structures,C++; Kubernetes; Flask; NumPy; REST APIs; Docker,Dr. V. Kulkarni,89,Paid,Hyderabad,Telangana,AB+,Drama Club,Placed,Amazon,20.4,"Mason Menon (Roll No: CSE20220098) is a 19-year-old Male student in the Computer Science Department, enrolled in 2022, currently in semester 8. They are specializing in Blockchain Technology with a current CGPA of 7.68. Their coursework includes Mobile App Development, Data Mining, Computer Graphics, DBMS, Data Structures. Key technical skills: C++, Kubernetes, Flask, NumPy, REST APIs, Docker. Academic advisor: Dr. V. Kulkarni. Attendance stands at 89%. Fee status: Paid. Based in Hyderabad, Telangana. Active in Drama Club. Placed at Amazon with a package of 20.4 LPA."
99,CSE20250099,Ishaan Menon,Female,20,ishaan.menon99@cse.university.edu,+91-9765926290,2025,3,Computer Networks,6.25,Software Engineering; Computer Graphics; Web Technologies; Artificial Intelligence; Operating Systems,Kubernetes; TensorFlow; MongoDB; Machine Learning; Linux; SQL,Dr. N. Bose,65,Pending,Bengaluru,Karnataka,B+,Music Club,Not Placed,None,0,"Ishaan Menon (Roll No: CSE20250099) is a 20-year-old Female student in the Computer Science Department, enrolled in 2025, currently in semester 3. They are specializing in Computer Networks with a current CGPA of 6.25. Their coursework includes Software Engineering, Computer Graphics, Web Technologies, Artificial Intelligence, Operating Systems. Key technical skills: Kubernetes, TensorFlow, MongoDB, Machine Learning, Linux, SQL. Academic advisor: Dr. N. Bose. Attendance stands at 65%. Fee status: Pending. Based in Bengaluru, Karnataka. Active in Music Club. Not yet placed; actively preparing for placements."
100,CSE20240100,Vikram Kim,Female,21,vikram.kim100@cse.university.edu,+91-9491932454,2024,6,Database Systems,9.18,Object Oriented Programming; Computer Networks; Web Technologies; Cloud Computing; Deep Learning,Linux; Docker; Node.js; AWS; Pandas; PyTorch,Dr. N. Bose,89,Pending,Kochi,Kerala,B-,Photography Club,Not Placed,None,0,"Vikram Kim (Roll No: CSE20240100) is a 21-year-old Female student in the Computer Science Department, enrolled in 2024, currently in semester 6. They are specializing in Database Systems with a current CGPA of 9.18. Their coursework includes Object Oriented Programming, Computer Networks, Web Technologies, Cloud Computing, Deep Learning. Key technical skills: Linux, Docker, Node.js, AWS, Pandas, PyTorch. Academic advisor: Dr. N. Bose. Attendance stands at 89%. Fee status: Pending. Based in Kochi, Kerala. Active in Photography Club. Not yet placed; actively preparing for placements."
101,CSE20260101,Krishna Malhotra,Male,22,krishna.malhotra101@cse.university.edu,+91-9742026586,2026,1,Blockchain Technology,8.66,Data Structures; Distributed Systems; Deep Learning; Theory of Computation; Web Technologies,Pandas; C++; Azure; Linux; React; PyTorch,Dr. P. Rao,89,Paid,Visakhapatnam,Andhra Pradesh,B+,Drama Club,Not Placed,None,0,"Krishna Malhotra (Roll No: CSE20260101) is a 22-year-old Male student in the Computer Science Department, enrolled in 2026, currently in semester 1. They are specializing in Blockchain Technology with a current CGPA of 8.66. Their coursework includes Data Structures, Distributed Systems, Deep Learning, Theory of Computation, Web Technologies. Key technical skills: Pandas, C++, Azure, Linux, React, PyTorch. Academic advisor: Dr. P. Rao. Attendance stands at 89%. Fee status: Paid. Based in Visakhapatnam, Andhra Pradesh. Active in Drama Club. Not yet placed; actively preparing for placements."
102,CSE20260102,Priya Malhotra,Female,22,priya.malhotra102@cse.university.edu,+91-9901927335,2026,2,Natural Language Processing,8.12,Cybersecurity Fundamentals; Mobile App Development; Operating Systems; DBMS; Compiler Design,Data Analysis; NumPy; Kubernetes; Node.js; REST APIs; Java,Dr. J. Das,71,Paid,Mumbai,Maharashtra,AB-,Drama Club,Placed,Cognizant,9.3,"Priya Malhotra (Roll No: CSE20260102) is a 22-year-old Female student in the Computer Science Department, enrolled in 2026, currently in semester 2. They are specializing in Natural Language Processing with a current CGPA of 8.12. Their coursework includes Cybersecurity Fundamentals, Mobile App Development, Operating Systems, DBMS, Compiler Design. Key technical skills: Data Analysis, NumPy, Kubernetes, Node.js, REST APIs, Java. Academic advisor: Dr. J. Das. Attendance stands at 71%. Fee status: Paid. Based in Mumbai, Maharashtra. Active in Drama Club. Placed at Cognizant with a package of 9.3 LPA."
103,CSE20240103,Neha Joshi,Male,21,neha.joshi103@cse.university.edu,+91-9473984594,2024,6,Human-Computer Interaction,7.81,Theory of Computation; Data Mining; Computer Networks; Cybersecurity Fundamentals; Data Structures,Linux; JavaScript; PyTorch; Azure; C++; Pandas,Dr. A. Gupta,94,Paid,Pune,Maharashtra,AB+,Photography Club,Not Placed,None,0,"Neha Joshi (Roll No: CSE20240103) is a 21-year-old Male student in the Computer Science Department, enrolled in 2024, currently in semester 6. They are specializing in Human-Computer Interaction with a current CGPA of 7.81. Their coursework includes Theory of Computation, Data Mining, Computer Networks, Cybersecurity Fundamentals, Data Structures. Key technical skills: Linux, JavaScript, PyTorch, Azure, C++, Pandas. Academic advisor: Dr. A. Gupta. Attendance stands at 94%. Fee status: Paid. Based in Pune, Maharashtra. Active in Photography Club. Not yet placed; actively preparing for placements."
104,CSE20250104,Priya Nair,Female,23,priya.nair104@cse.university.edu,+91-9564000836,2025,4,Artificial Intelligence,6.26,DBMS; Data Structures; Cloud Computing; Object Oriented Programming; Machine Learning,NumPy; MongoDB; Django; Node.js; Flask; Machine Learning,Dr. M. Chatterjee,79,Pending,Kolkata,West Bengal,O+,AI Research Group,Placed,Amazon,19.4,"Priya Nair (Roll No: CSE20250104) is a 23-year-old Female student in the Computer Science Department, enrolled in 2025, currently in semester 4. They are specializing in Artificial Intelligence with a current CGPA of 6.26. Their coursework includes DBMS, Data Structures, Cloud Computing, Object Oriented Programming, Machine Learning. Key technical skills: NumPy, MongoDB, Django, Node.js, Flask, Machine Learning. Academic advisor: Dr. M. Chatterjee. Attendance stands at 79%. Fee status: Pending. Based in Kolkata, West Bengal. Active in AI Research Group. Placed at Amazon with a package of 19.4 LPA."
105,CSE20260105,Pranav Sharma,Male,21,pranav.sharma105@cse.university.edu,+91-9756387421,2026,2,Computer Vision,7.52,Deep Learning; Object Oriented Programming; Software Engineering; Operating Systems; DBMS,Flask; Node.js; Kubernetes; Docker; SQL; Git,Dr. S. Iyer,85,Scholarship,Visakhapatnam,Andhra Pradesh,O-,Open Source Contributor,Not Placed,None,0,"Pranav Sharma (Roll No: CSE20260105) is a 21-year-old Male student in the Computer Science Department, enrolled in 2026, currently in semester 2. They are specializing in Computer Vision with a current CGPA of 7.52. Their coursework includes Deep Learning, Object Oriented Programming, Software Engineering, Operating Systems, DBMS. Key technical skills: Flask, Node.js, Kubernetes, Docker, SQL, Git. Academic advisor: Dr. S. Iyer. Attendance stands at 85%. Fee status: Scholarship. Based in Visakhapatnam, Andhra Pradesh. Active in Open Source Contributor. Not yet placed; actively preparing for placements."
106,CSE20240106,Pranav Malhotra,Male,20,pranav.malhotra106@cse.university.edu,+91-9554234434,2024,6,Database Systems,8.41,Web Technologies; Theory of Computation; Operating Systems; Computer Networks; Cloud Computing,JavaScript; MongoDB; PyTorch; NumPy; Node.js; Kubernetes,Dr. A. Gupta,73,Scholarship,Kolkata,West Bengal,O+,Drama Club,Not Placed,None,0,"Pranav Malhotra (Roll No: CSE20240106) is a 20-year-old Male student in the Computer Science Department, enrolled in 2024, currently in semester 6. They are specializing in Database Systems with a current CGPA of 8.41. Their coursework includes Web Technologies, Theory of Computation, Operating Systems, Computer Networks, Cloud Computing. Key technical skills: JavaScript, MongoDB, PyTorch, NumPy, Node.js, Kubernetes. Academic advisor: Dr. A. Gupta. Attendance stands at 73%. Fee status: Scholarship. Based in Kolkata, West Bengal. Active in Drama Club. Not yet placed; actively preparing for placements."
107,CSE20230107,Diya Pillai,Male,22,diya.pillai107@cse.university.edu,+91-9954570592,2023,8,Data Science,7.13,Cloud Computing; Distributed Systems; Algorithms; Cybersecurity Fundamentals; Data Structures,Linux; React; SQL; AWS; Flask; Django,Dr. N. Bose,93,Pending,Mumbai,Maharashtra,O-,Drama Club,Placed,Wipro,17.6,"Diya Pillai (Roll No: CSE20230107) is a 22-year-old Male student in the Computer Science Department, enrolled in 2023, currently in semester 8. They are specializing in Data Science with a current CGPA of 7.13. Their coursework includes Cloud Computing, Distributed Systems, Algorithms, Cybersecurity Fundamentals, Data Structures. Key technical skills: Linux, React, SQL, AWS, Flask, Django. Academic advisor: Dr. N. Bose. Attendance stands at 93%. Fee status: Pending. Based in Mumbai, Maharashtra. Active in Drama Club. Placed at Wipro with a package of 17.6 LPA."
108,CSE20240108,Mason Rao,Female,18,mason.rao108@cse.university.edu,+91-9134607126,2024,5,Data Science,8.1,Distributed Systems; Theory of Computation; Artificial Intelligence; Data Mining; DBMS,HTML/CSS; JavaScript; TensorFlow; Flask; Kubernetes; Machine Learning,Dr. R. Menon,71,Scholarship,Delhi,Delhi,B-,Drama Club,Placed,Deloitte,25.0,"Mason Rao (Roll No: CSE20240108) is a 18-year-old Female student in the Computer Science Department, enrolled in 2024, currently in semester 5. They are specializing in Data Science with a current CGPA of 8.1. Their coursework includes Distributed Systems, Theory of Computation, Artificial Intelligence, Data Mining, DBMS. Key technical skills: HTML/CSS, JavaScript, TensorFlow, Flask, Kubernetes, Machine Learning. Academic advisor: Dr. R. Menon. Attendance stands at 71%. Fee status: Scholarship. Based in Delhi, Delhi. Active in Drama Club. Placed at Deloitte with a package of 25.0 LPA."
109,CSE20250109,Varun Menon,Female,18,varun.menon109@cse.university.edu,+91-9855971970,2025,3,Cybersecurity,9.02,Deep Learning; Theory of Computation; Cybersecurity Fundamentals; Computer Graphics; Machine Learning,REST APIs; React; SQL; Data Analysis; Java; HTML/CSS,Dr. M. Chatterjee,99,Paid,Kolkata,West Bengal,AB+,Hackathon Organizer,Not Placed,None,0,"Varun Menon (Roll No: CSE20250109) is a 18-year-old Female student in the Computer Science Department, enrolled in 2025, currently in semester 3. They are specializing in Cybersecurity with a current CGPA of 9.02. Their coursework includes Deep Learning, Theory of Computation, Cybersecurity Fundamentals, Computer Graphics, Machine Learning. Key technical skills: REST APIs, React, SQL, Data Analysis, Java, HTML/CSS. Academic advisor: Dr. M. Chatterjee. Attendance stands at 99%. Fee status: Paid. Based in Kolkata, West Bengal. Active in Hackathon Organizer. Not yet placed; actively preparing for placements."
110,CSE20220110,Pari Kulkarni,Female,22,pari.kulkarni110@cse.university.edu,+91-9181084980,2022,8,Natural Language Processing,9.75,Computer Graphics; Algorithms; Software Engineering; Computer Networks; Data Mining,MongoDB; React; Docker; NumPy; AWS; Linux,Dr. A. Gupta,91,Pending,Kochi,Kerala,AB+,None,Not Placed,None,0,"Pari Kulkarni (Roll No: CSE20220110) is a 22-year-old Female student in the Computer Science Department, enrolled in 2022, currently in semester 8. They are specializing in Natural Language Processing with a current CGPA of 9.75. Their coursework includes Computer Graphics, Algorithms, Software Engineering, Computer Networks, Data Mining. Key technical skills: MongoDB, React, Docker, NumPy, AWS, Linux. Academic advisor: Dr. A. Gupta. Attendance stands at 91%. Fee status: Pending. Based in Kochi, Kerala. Active in None. Not yet placed; actively preparing for placements."
111,CSE20260111,James Kim,Male,21,james.kim111@cse.university.edu,+91-9446673808,2026,2,Embedded Systems,8.71,Cybersecurity Fundamentals; Distributed Systems; Artificial Intelligence; Cloud Computing; Data Structures,NumPy; C++; Git; Machine Learning; Kubernetes; Pandas,Dr. T. Krishnan,78,Pending,Mumbai,Maharashtra,B-,Drama Club,Not Placed,None,0,"James Kim (Roll No: CSE20260111) is a 21-year-old Male student in the Computer Science Department, enrolled in 2026, currently in semester 2. They are specializing in Embedded Systems with a current CGPA of 8.71. Their coursework includes Cybersecurity Fundamentals, Distributed Systems, Artificial Intelligence, Cloud Computing, Data Structures. Key technical skills: NumPy, C++, Git, Machine Learning, Kubernetes, Pandas. Academic advisor: Dr. T. Krishnan. Attendance stands at 78%. Fee status: Pending. Based in Mumbai, Maharashtra. Active in Drama Club. Not yet placed; actively preparing for placements."
112,CSE20250112,Pari Singh,Male,22,pari.singh112@cse.university.edu,+91-9368853440,2025,4,Natural Language Processing,9.49,Algorithms; Object Oriented Programming; DBMS; Distributed Systems; Data Structures,JavaScript; Node.js; Git; Data Analysis; Python; Azure,Dr. P. Rao,82,Paid,Chennai,Tamil Nadu,AB+,Debate Society,Not Placed,None,0,"Pari Singh (Roll No: CSE20250112) is a 22-year-old Male student in the Computer Science Department, enrolled in 2025, currently in semester 4. They are specializing in Natural Language Processing with a current CGPA of 9.49. Their coursework includes Algorithms, Object Oriented Programming, DBMS, Distributed Systems, Data Structures. Key technical skills: JavaScript, Node.js, Git, Data Analysis, Python, Azure. Academic advisor: Dr. P. Rao. Attendance stands at 82%. Fee status: Paid. Based in Chennai, Tamil Nadu. Active in Debate Society. Not yet placed; actively preparing for placements."
113,CSE20250113,Sai Das,Male,18,sai.das113@cse.university.edu,+91-9845210115,2025,4,Natural Language Processing,8.83,Compiler Design; Computer Graphics; Operating Systems; DBMS; Data Structures,SQL; Linux; C++; React; HTML/CSS; MongoDB,Dr. T. Krishnan,86,Paid,Delhi,Delhi,A+,Coding Club,Not Placed,None,0,"Sai Das (Roll No: CSE20250113) is a 18-year-old Male student in the Computer Science Department, enrolled in 2025, currently in semester 4. They are specializing in Natural Language Processing with a current CGPA of 8.83. Their coursework includes Compiler Design, Computer Graphics, Operating Systems, DBMS, Data Structures. Key technical skills: SQL, Linux, C++, React, HTML/CSS, MongoDB. Academic advisor: Dr. T. Krishnan. Attendance stands at 86%. Fee status: Paid. Based in Delhi, Delhi. Active in Coding Club. Not yet placed; actively preparing for placements."
114,CSE20250114,Ishaan Pillai,Male,19,ishaan.pillai114@cse.university.edu,+91-9761506578,2025,3,Machine Learning,8.85,DBMS; Cloud Computing; Cybersecurity Fundamentals; Web Technologies; Computer Networks,AWS; React; Machine Learning; Pandas; C++; Django,Dr. J. Das,87,Scholarship,Hyderabad,Telangana,B+,AI Research Group,Placed,Microsoft,26.1,"Ishaan Pillai (Roll No: CSE20250114) is a 19-year-old Male student in the Computer Science Department, enrolled in 2025, currently in semester 3. They are specializing in Machine Learning with a current CGPA of 8.85. Their coursework includes DBMS, Cloud Computing, Cybersecurity Fundamentals, Web Technologies, Computer Networks. Key technical skills: AWS, React, Machine Learning, Pandas, C++, Django. Academic advisor: Dr. J. Das. Attendance stands at 87%. Fee status: Scholarship. Based in Hyderabad, Telangana. Active in AI Research Group. Placed at Microsoft with a package of 26.1 LPA."
115,CSE20220115,Olivia Mukherjee,Male,18,olivia.mukherjee115@cse.university.edu,+91-9158593156,2022,8,Internet of Things,8.93,Cryptography; Cybersecurity Fundamentals; Computer Graphics; Cloud Computing; Computer Networks,MongoDB; TensorFlow; Machine Learning; C++; NumPy; Flask,Dr. J. Das,84,Paid,Kochi,Kerala,AB+,Coding Club,Placed,Zoho,11.1,"Olivia Mukherjee (Roll No: CSE20220115) is a 18-year-old Male student in the Computer Science Department, enrolled in 2022, currently in semester 8. They are specializing in Internet of Things with a current CGPA of 8.93. Their coursework includes Cryptography, Cybersecurity Fundamentals, Computer Graphics, Cloud Computing, Computer Networks. Key technical skills: MongoDB, TensorFlow, Machine Learning, C++, NumPy, Flask. Academic advisor: Dr. J. Das. Attendance stands at 84%. Fee status: Paid. Based in Kochi, Kerala. Active in Coding Club. Placed at Zoho with a package of 11.1 LPA."
116,CSE20230116,Myra Pillai,Female,18,myra.pillai116@cse.university.edu,+91-9331652222,2023,8,Machine Learning,8.49,Data Mining; Data Structures; Cybersecurity Fundamentals; Cloud Computing; Computer Networks,AWS; HTML/CSS; Azure; Kubernetes; Flask; Node.js,Dr. N. Bose,69,Paid,Bengaluru,Karnataka,A+,Hackathon Organizer,Not Placed,None,0,"Myra Pillai (Roll No: CSE20230116) is a 18-year-old Female student in the Computer Science Department, enrolled in 2023, currently in semester 8. They are specializing in Machine Learning with a current CGPA of 8.49. Their coursework includes Data Mining, Data Structures, Cybersecurity Fundamentals, Cloud Computing, Computer Networks. Key technical skills: AWS, HTML/CSS, Azure, Kubernetes, Flask, Node.js. Academic advisor: Dr. N. Bose. Attendance stands at 69%. Fee status: Paid. Based in Bengaluru, Karnataka. Active in Hackathon Organizer. Not yet placed; actively preparing for placements."
117,CSE20240117,Aditya Verma,Female,22,aditya.verma117@cse.university.edu,+91-9883786839,2024,6,Computer Networks,7.65,Operating Systems; Mobile App Development; Theory of Computation; Computer Networks; Software Engineering,C++; PyTorch; NumPy; Django; SQL; React,Dr. T. Krishnan,69,Pending,Pune,Maharashtra,O+,Hackathon Organizer,Not Placed,None,0,"Aditya Verma (Roll No: CSE20240117) is a 22-year-old Female student in the Computer Science Department, enrolled in 2024, currently in semester 6. They are specializing in Computer Networks with a current CGPA of 7.65. Their coursework includes Operating Systems, Mobile App Development, Theory of Computation, Computer Networks, Software Engineering. Key technical skills: C++, PyTorch, NumPy, Django, SQL, React. Academic advisor: Dr. T. Krishnan. Attendance stands at 69%. Fee status: Pending. Based in Pune, Maharashtra. Active in Hackathon Organizer. Not yet placed; actively preparing for placements."
118,CSE20250118,Myra Verma,Male,18,myra.verma118@cse.university.edu,+91-9886983862,2025,3,Internet of Things,7.77,Algorithms; Web Technologies; Machine Learning; DBMS; Data Structures,Pandas; React; Python; Node.js; Linux; Kubernetes,Dr. T. Krishnan,88,Paid,Kolkata,West Bengal,AB+,Debate Society,Not Placed,None,0,"Myra Verma (Roll No: CSE20250118) is a 18-year-old Male student in the Computer Science Department, enrolled in 2025, currently in semester 3. They are specializing in Internet of Things with a current CGPA of 7.77. Their coursework includes Algorithms, Web Technologies, Machine Learning, DBMS, Data Structures. Key technical skills: Pandas, React, Python, Node.js, Linux, Kubernetes. Academic advisor: Dr. T. Krishnan. Attendance stands at 88%. Fee status: Paid. Based in Kolkata, West Bengal. Active in Debate Society. Not yet placed; actively preparing for placements."
119,CSE20250119,Krishna Lee,Male,20,krishna.lee119@cse.university.edu,+91-9606553372,2025,4,Cloud Computing,8.04,Theory of Computation; Operating Systems; Artificial Intelligence; Distributed Systems; Cybersecurity Fundamentals,Java; Linux; HTML/CSS; Node.js; Kubernetes; Machine Learning,Dr. K. Nair,97,Paid,Bengaluru,Karnataka,A-,College Football Team,Placed,TCS,9.9,"Krishna Lee (Roll No: CSE20250119) is a 20-year-old Male student in the Computer Science Department, enrolled in 2025, currently in semester 4. They are specializing in Cloud Computing with a current CGPA of 8.04. Their coursework includes Theory of Computation, Operating Systems, Artificial Intelligence, Distributed Systems, Cybersecurity Fundamentals. Key technical skills: Java, Linux, HTML/CSS, Node.js, Kubernetes, Machine Learning. Academic advisor: Dr. K. Nair. Attendance stands at 97%. Fee status: Paid. Based in Bengaluru, Karnataka. Active in College Football Team. Placed at TCS with a package of 9.9 LPA."
120,CSE20220120,Manoj Chowdhury,Male,19,manoj.chowdhury120@cse.university.edu,+91-9451436694,2022,8,Cybersecurity,6.88,Computer Graphics; Cloud Computing; Software Engineering; Operating Systems; Cybersecurity Fundamentals,JavaScript; Django; Data Analysis; Java; Node.js; MongoDB,Dr. T. Krishnan,94,Pending,Hyderabad,Telangana,O+,Robotics Club,Not Placed,None,0,"Manoj Chowdhury (Roll No: CSE20220120) is a 19-year-old Male student in the Computer Science Department, enrolled in 2022, currently in semester 8. They are specializing in Cybersecurity with a current CGPA of 6.88. Their coursework includes Computer Graphics, Cloud Computing, Software Engineering, Operating Systems, Cybersecurity Fundamentals. Key technical skills: JavaScript, Django, Data Analysis, Java, Node.js, MongoDB. Academic advisor: Dr. T. Krishnan. Attendance stands at 94%. Fee status: Pending. Based in Hyderabad, Telangana. Active in Robotics Club. Not yet placed; actively preparing for placements."
121,CSE20240121,Sai Joshi,Female,18,sai.joshi121@cse.university.edu,+91-9880841206,2024,5,Natural Language Processing,7.14,Web Technologies; Compiler Design; Distributed Systems; Cybersecurity Fundamentals; Artificial Intelligence,SQL; Flask; MongoDB; React; Python; Azure,Dr. R. Menon,65,Pending,Vijayawada,Andhra Pradesh,AB-,None,Placed,Zoho,24.4,"Sai Joshi (Roll No: CSE20240121) is a 18-year-old Female student in the Computer Science Department, enrolled in 2024, currently in semester 5. They are specializing in Natural Language Processing with a current CGPA of 7.14. Their coursework includes Web Technologies, Compiler Design, Distributed Systems, Cybersecurity Fundamentals, Artificial Intelligence. Key technical skills: SQL, Flask, MongoDB, React, Python, Azure. Academic advisor: Dr. R. Menon. Attendance stands at 65%. Fee status: Pending. Based in Vijayawada, Andhra Pradesh. Active in None. Placed at Zoho with a package of 24.4 LPA."
122,CSE20230122,Riya Nair,Male,22,riya.nair122@cse.university.edu,+91-9240346956,2023,8,Artificial Intelligence,7.92,Computer Networks; Software Engineering; Operating Systems; Algorithms; Compiler Design,Django; Azure; Kubernetes; Git; C++; HTML/CSS,Dr. S. Iyer,90,Paid,Kolkata,West Bengal,B+,None,Placed,Freshworks,19.9,"Riya Nair (Roll No: CSE20230122) is a 22-year-old Male student in the Computer Science Department, enrolled in 2023, currently in semester 8. They are specializing in Artificial Intelligence with a current CGPA of 7.92. Their coursework includes Computer Networks, Software Engineering, Operating Systems, Algorithms, Compiler Design. Key technical skills: Django, Azure, Kubernetes, Git, C++, HTML/CSS. Academic advisor: Dr. S. Iyer. Attendance stands at 90%. Fee status: Paid. Based in Kolkata, West Bengal. Active in None. Placed at Freshworks with a package of 19.9 LPA."
123,CSE20250123,Myra Kulkarni,Female,20,myra.kulkarni123@cse.university.edu,+91-9384550090,2025,4,Cloud Computing,7.24,Compiler Design; Operating Systems; Deep Learning; Computer Networks; DBMS,React; JavaScript; Node.js; Git; Machine Learning; Docker,Dr. V. Kulkarni,93,Pending,Bengaluru,Karnataka,AB-,College Football Team,Not Placed,None,0,"Myra Kulkarni (Roll No: CSE20250123) is a 20-year-old Female student in the Computer Science Department, enrolled in 2025, currently in semester 4. They are specializing in Cloud Computing with a current CGPA of 7.24. Their coursework includes Compiler Design, Operating Systems, Deep Learning, Computer Networks, DBMS. Key technical skills: React, JavaScript, Node.js, Git, Machine Learning, Docker. Academic advisor: Dr. V. Kulkarni. Attendance stands at 93%. Fee status: Pending. Based in Bengaluru, Karnataka. Active in College Football Team. Not yet placed; actively preparing for placements."
124,CSE20240124,Krishna Reddy,Male,23,krishna.reddy124@cse.university.edu,+91-9209422179,2024,5,Database Systems,6.84,Cloud Computing; Computer Networks; Operating Systems; Compiler Design; Cybersecurity Fundamentals,AWS; Django; Java; PyTorch; TensorFlow; Node.js,Dr. R. Menon,80,Paid,Mumbai,Maharashtra,O-,Open Source Contributor,Not Placed,None,0,"Krishna Reddy (Roll No: CSE20240124) is a 23-year-old Male student in the Computer Science Department, enrolled in 2024, currently in semester 5. They are specializing in Database Systems with a current CGPA of 6.84. Their coursework includes Cloud Computing, Computer Networks, Operating Systems, Compiler Design, Cybersecurity Fundamentals. Key technical skills: AWS, Django, Java, PyTorch, TensorFlow, Node.js. Academic advisor: Dr. R. Menon. Attendance stands at 80%. Fee status: Paid. Based in Mumbai, Maharashtra. Active in Open Source Contributor. Not yet placed; actively preparing for placements."
125,CSE20230125,Ishaan Nair,Male,18,ishaan.nair125@cse.university.edu,+91-9982277976,2023,7,Computer Networks,6.77,Cybersecurity Fundamentals; Operating Systems; Software Engineering; Theory of Computation; Data Structures,C++; SQL; Machine Learning; Git; React; NumPy,Dr. M. Chatterjee,68,Paid,Bengaluru,Karnataka,A+,AI Research Group,Not Placed,None,0,"Ishaan Nair (Roll No: CSE20230125) is a 18-year-old Male student in the Computer Science Department, enrolled in 2023, currently in semester 7. They are specializing in Computer Networks with a current CGPA of 6.77. Their coursework includes Cybersecurity Fundamentals, Operating Systems, Software Engineering, Theory of Computation, Data Structures. Key technical skills: C++, SQL, Machine Learning, Git, React, NumPy. Academic advisor: Dr. M. Chatterjee. Attendance stands at 68%. Fee status: Paid. Based in Bengaluru, Karnataka. Active in AI Research Group. Not yet placed; actively preparing for placements."
126,CSE20250126,Ethan Chowdhury,Female,18,ethan.chowdhury126@cse.university.edu,+91-9247356051,2025,4,Cybersecurity,6.67,Machine Learning; Software Engineering; Theory of Computation; Distributed Systems; Computer Networks,Java; REST APIs; Pandas; Data Analysis; MongoDB; PyTorch,Dr. N. Bose,70,Pending,Mumbai,Maharashtra,O-,Coding Club,Not Placed,None,0,"Ethan Chowdhury (Roll No: CSE20250126) is a 18-year-old Female student in the Computer Science Department, enrolled in 2025, currently in semester 4. They are specializing in Cybersecurity with a current CGPA of 6.67. Their coursework includes Machine Learning, Software Engineering, Theory of Computation, Distributed Systems, Computer Networks. Key technical skills: Java, REST APIs, Pandas, Data Analysis, MongoDB, PyTorch. Academic advisor: Dr. N. Bose. Attendance stands at 70%. Fee status: Pending. Based in Mumbai, Maharashtra. Active in Coding Club. Not yet placed; actively preparing for placements."
127,CSE20260127,Nikhil Patel,Male,23,nikhil.patel127@cse.university.edu,+91-9668473595,2026,1,Natural Language Processing,9.86,Cybersecurity Fundamentals; Artificial Intelligence; Mobile App Development; Theory of Computation; Object Oriented Programming,HTML/CSS; Django; Docker; AWS; TensorFlow; Node.js,Dr. R. Menon,82,Paid,Pune,Maharashtra,B-,Coding Club,Not Placed,None,0,"Nikhil Patel (Roll No: CSE20260127) is a 23-year-old Male student in the Computer Science Department, enrolled in 2026, currently in semester 1. They are specializing in Natural Language Processing with a current CGPA of 9.86. Their coursework includes Cybersecurity Fundamentals, Artificial Intelligence, Mobile App Development, Theory of Computation, Object Oriented Programming. Key technical skills: HTML/CSS, Django, Docker, AWS, TensorFlow, Node.js. Academic advisor: Dr. R. Menon. Attendance stands at 82%. Fee status: Paid. Based in Pune, Maharashtra. Active in Coding Club. Not yet placed; actively preparing for placements."
128,CSE20220128,Suresh Lee,Male,19,suresh.lee128@cse.university.edu,+91-9288502642,2022,8,Cloud Computing,8.56,Mobile App Development; Algorithms; Compiler Design; Cryptography; Cybersecurity Fundamentals,Node.js; NumPy; MongoDB; HTML/CSS; Docker; Kubernetes,Dr. J. Das,74,Scholarship,Hyderabad,Telangana,AB-,Hackathon Organizer,Placed,None,17.0,"Suresh Lee (Roll No: CSE20220128) is a 19-year-old Male student in the Computer Science Department, enrolled in 2022, currently in semester 8. They are specializing in Cloud Computing with a current CGPA of 8.56. Their coursework includes Mobile App Development, Algorithms, Compiler Design, Cryptography, Cybersecurity Fundamentals. Key technical skills: Node.js, NumPy, MongoDB, HTML/CSS, Docker, Kubernetes. Academic advisor: Dr. J. Das. Attendance stands at 74%. Fee status: Scholarship. Based in Hyderabad, Telangana. Active in Hackathon Organizer. Placed at None with a package of 17.0 LPA."
129,CSE20230129,Sneha Verma,Male,18,sneha.verma129@cse.university.edu,+91-9856491925,2023,7,Web Development,6.08,Data Structures; Cloud Computing; Deep Learning; Computer Networks; Theory of Computation,Pandas; Node.js; Docker; Java; Python; React,Dr. J. Das,88,Paid,Chennai,Tamil Nadu,A-,Open Source Contributor,Not Placed,None,0,"Sneha Verma (Roll No: CSE20230129) is a 18-year-old Male student in the Computer Science Department, enrolled in 2023, currently in semester 7. They are specializing in Web Development with a current CGPA of 6.08. Their coursework includes Data Structures, Cloud Computing, Deep Learning, Computer Networks, Theory of Computation. Key technical skills: Pandas, Node.js, Docker, Java, Python, React. Academic advisor: Dr. J. Das. Attendance stands at 88%. Fee status: Paid. Based in Chennai, Tamil Nadu. Active in Open Source Contributor. Not yet placed; actively preparing for placements."
130,CSE20240130,Liam Chowdhury,Male,20,liam.chowdhury130@cse.university.edu,+91-9968449816,2024,6,Data Science,6.53,Computer Graphics; Artificial Intelligence; Cloud Computing; Machine Learning; Cybersecurity Fundamentals,MongoDB; Data Analysis; HTML/CSS; Node.js; AWS; PyTorch,Dr. K. Nair,90,Scholarship,Chennai,Tamil Nadu,B+,Coding Club,Placed,Amazon,18.5,"Liam Chowdhury (Roll No: CSE20240130) is a 20-year-old Male student in the Computer Science Department, enrolled in 2024, currently in semester 6. They are specializing in Data Science with a current CGPA of 6.53. Their coursework includes Computer Graphics, Artificial Intelligence, Cloud Computing, Machine Learning, Cybersecurity Fundamentals. Key technical skills: MongoDB, Data Analysis, HTML/CSS, Node.js, AWS, PyTorch. Academic advisor: Dr. K. Nair. Attendance stands at 90%. Fee status: Scholarship. Based in Chennai, Tamil Nadu. Active in Coding Club. Placed at Amazon with a package of 18.5 LPA."
131,CSE20230131,Swati Rao,Male,21,swati.rao131@cse.university.edu,+91-9886606608,2023,8,Cybersecurity,8.91,Cybersecurity Fundamentals; Cloud Computing; Machine Learning; Operating Systems; Theory of Computation,Git; Python; TensorFlow; SQL; MongoDB; C++,Dr. M. Chatterjee,68,Pending,Visakhapatnam,Andhra Pradesh,A-,Coding Club,Not Placed,None,0,"Swati Rao (Roll No: CSE20230131) is a 21-year-old Male student in the Computer Science Department, enrolled in 2023, currently in semester 8. They are specializing in Cybersecurity with a current CGPA of 8.91. Their coursework includes Cybersecurity Fundamentals, Cloud Computing, Machine Learning, Operating Systems, Theory of Computation. Key technical skills: Git, Python, TensorFlow, SQL, MongoDB, C++. Academic advisor: Dr. M. Chatterjee. Attendance stands at 68%. Fee status: Pending. Based in Visakhapatnam, Andhra Pradesh. Active in Coding Club. Not yet placed; actively preparing for placements."
132,CSE20250132,Nikhil Gupta,Female,21,nikhil.gupta132@cse.university.edu,+91-9758896006,2025,4,Machine Learning,8.13,Artificial Intelligence; Theory of Computation; Compiler Design; Machine Learning; Distributed Systems,C++; Java; PyTorch; Python; Docker; TensorFlow,Dr. S. Iyer,89,Paid,Bengaluru,Karnataka,AB-,Debate Society,Placed,Wipro,12.1,"Nikhil Gupta (Roll No: CSE20250132) is a 21-year-old Female student in the Computer Science Department, enrolled in 2025, currently in semester 4. They are specializing in Machine Learning with a current CGPA of 8.13. Their coursework includes Artificial Intelligence, Theory of Computation, Compiler Design, Machine Learning, Distributed Systems. Key technical skills: C++, Java, PyTorch, Python, Docker, TensorFlow. Academic advisor: Dr. S. Iyer. Attendance stands at 89%. Fee status: Paid. Based in Bengaluru, Karnataka. Active in Debate Society. Placed at Wipro with a package of 12.1 LPA."
133,CSE20230133,Priya Williams,Male,21,priya.williams133@cse.university.edu,+91-9984652998,2023,8,Machine Learning,6.61,Cloud Computing; Deep Learning; Theory of Computation; Computer Graphics; Software Engineering,Data Analysis; PyTorch; Pandas; MongoDB; JavaScript; Java,Dr. V. Kulkarni,68,Pending,Kochi,Kerala,O-,Debate Society,Placed,Freshworks,6.1,"Priya Williams (Roll No: CSE20230133) is a 21-year-old Male student in the Computer Science Department, enrolled in 2023, currently in semester 8. They are specializing in Machine Learning with a current CGPA of 6.61. Their coursework includes Cloud Computing, Deep Learning, Theory of Computation, Computer Graphics, Software Engineering. Key technical skills: Data Analysis, PyTorch, Pandas, MongoDB, JavaScript, Java. Academic advisor: Dr. V. Kulkarni. Attendance stands at 68%. Fee status: Pending. Based in Kochi, Kerala. Active in Debate Society. Placed at Freshworks with a package of 6.1 LPA."
134,CSE20220134,Liam Smith,Female,19,liam.smith134@cse.university.edu,+91-9147907058,2022,8,Human-Computer Interaction,6.81,Web Technologies; Operating Systems; Artificial Intelligence; DBMS; Object Oriented Programming,AWS; Linux; Pandas; TensorFlow; C++; Flask,Dr. V. Kulkarni,88,Paid,Chennai,Tamil Nadu,AB-,Drama Club,Not Placed,None,0,"Liam Smith (Roll No: CSE20220134) is a 19-year-old Female student in the Computer Science Department, enrolled in 2022, currently in semester 8. They are specializing in Human-Computer Interaction with a current CGPA of 6.81. Their coursework includes Web Technologies, Operating Systems, Artificial Intelligence, DBMS, Object Oriented Programming. Key technical skills: AWS, Linux, Pandas, TensorFlow, C++, Flask. Academic advisor: Dr. V. Kulkarni. Attendance stands at 88%. Fee status: Paid. Based in Chennai, Tamil Nadu. Active in Drama Club. Not yet placed; actively preparing for placements."
135,CSE20230135,Anika Mukherjee,Female,20,anika.mukherjee135@cse.university.edu,+91-9866979905,2023,8,Data Science,8.2,DBMS; Operating Systems; Cybersecurity Fundamentals; Computer Graphics; Compiler Design,Flask; Java; AWS; Django; Azure; NumPy,Dr. N. Bose,84,Paid,Kochi,Kerala,B-,AI Research Group,Not Placed,None,0,"Anika Mukherjee (Roll No: CSE20230135) is a 20-year-old Female student in the Computer Science Department, enrolled in 2023, currently in semester 8. They are specializing in Data Science with a current CGPA of 8.2. Their coursework includes DBMS, Operating Systems, Cybersecurity Fundamentals, Computer Graphics, Compiler Design. Key technical skills: Flask, Java, AWS, Django, Azure, NumPy. Academic advisor: Dr. N. Bose. Attendance stands at 84%. Fee status: Paid. Based in Kochi, Kerala. Active in AI Research Group. Not yet placed; actively preparing for placements."
136,CSE20250136,Aditya Krishnan,Male,18,aditya.krishnan136@cse.university.edu,+91-9396568375,2025,3,Data Science,9.7,Deep Learning; Object Oriented Programming; Computer Networks; Algorithms; Computer Graphics,C++; Data Analysis; Azure; SQL; React; TensorFlow,Dr. M. Chatterjee,90,Scholarship,Bengaluru,Karnataka,A-,Drama Club,Not Placed,None,0,"Aditya Krishnan (Roll No: CSE20250136) is a 18-year-old Male student in the Computer Science Department, enrolled in 2025, currently in semester 3. They are specializing in Data Science with a current CGPA of 9.7. Their coursework includes Deep Learning, Object Oriented Programming, Computer Networks, Algorithms, Computer Graphics. Key technical skills: C++, Data Analysis, Azure, SQL, React, TensorFlow. Academic advisor: Dr. M. Chatterjee. Attendance stands at 90%. Fee status: Scholarship. Based in Bengaluru, Karnataka. Active in Drama Club. Not yet placed; actively preparing for placements."
137,CSE20260137,Neha Mukherjee,Male,23,neha.mukherjee137@cse.university.edu,+91-9254460628,2026,2,Data Science,6.44,Computer Networks; Theory of Computation; DBMS; Mobile App Development; Data Mining,PyTorch; Flask; Kubernetes; Azure; TensorFlow; AWS,Dr. N. Bose,76,Pending,Kochi,Kerala,O-,Coding Club,Not Placed,None,0,"Neha Mukherjee (Roll No: CSE20260137) is a 23-year-old Male student in the Computer Science Department, enrolled in 2026, currently in semester 2. They are specializing in Data Science with a current CGPA of 6.44. Their coursework includes Computer Networks, Theory of Computation, DBMS, Mobile App Development, Data Mining. Key technical skills: PyTorch, Flask, Kubernetes, Azure, TensorFlow, AWS. Academic advisor: Dr. N. Bose. Attendance stands at 76%. Fee status: Pending. Based in Kochi, Kerala. Active in Coding Club. Not yet placed; actively preparing for placements."
138,CSE20250138,Swati Chatterjee,Female,18,swati.chatterjee138@cse.university.edu,+91-9749591392,2025,4,Artificial Intelligence,8.69,Artificial Intelligence; Software Engineering; Cybersecurity Fundamentals; Data Structures; Cloud Computing,PyTorch; NumPy; TensorFlow; Linux; JavaScript; MongoDB,Dr. A. Gupta,82,Scholarship,Visakhapatnam,Andhra Pradesh,O-,Photography Club,Not Placed,None,0,"Swati Chatterjee (Roll No: CSE20250138) is a 18-year-old Female student in the Computer Science Department, enrolled in 2025, currently in semester 4. They are specializing in Artificial Intelligence with a current CGPA of 8.69. Their coursework includes Artificial Intelligence, Software Engineering, Cybersecurity Fundamentals, Data Structures, Cloud Computing. Key technical skills: PyTorch, NumPy, TensorFlow, Linux, JavaScript, MongoDB. Academic advisor: Dr. A. Gupta. Attendance stands at 82%. Fee status: Scholarship. Based in Visakhapatnam, Andhra Pradesh. Active in Photography Club. Not yet placed; actively preparing for placements."
139,CSE20230139,Emma Reddy,Male,21,emma.reddy139@cse.university.edu,+91-9486949792,2023,8,Natural Language Processing,8.89,Data Mining; Cybersecurity Fundamentals; Algorithms; Object Oriented Programming; Machine Learning,C++; PyTorch; Django; AWS; React; Data Analysis,Dr. J. Das,77,Paid,Hyderabad,Telangana,B+,College Football Team,Placed,Infosys,15.0,"Emma Reddy (Roll No: CSE20230139) is a 21-year-old Male student in the Computer Science Department, enrolled in 2023, currently in semester 8. They are specializing in Natural Language Processing with a current CGPA of 8.89. Their coursework includes Data Mining, Cybersecurity Fundamentals, Algorithms, Object Oriented Programming, Machine Learning. Key technical skills: C++, PyTorch, Django, AWS, React, Data Analysis. Academic advisor: Dr. J. Das. Attendance stands at 77%. Fee status: Paid. Based in Hyderabad, Telangana. Active in College Football Team. Placed at Infosys with a package of 15.0 LPA."
140,CSE20250140,Ava Patel,Female,20,ava.patel140@cse.university.edu,+91-9937336224,2025,4,Machine Learning,8.48,Data Structures; Compiler Design; Cybersecurity Fundamentals; Artificial Intelligence; Distributed Systems,Node.js; Linux; HTML/CSS; Flask; Kubernetes; REST APIs,Dr. A. Gupta,66,Pending,Visakhapatnam,Andhra Pradesh,A-,Music Club,Placed,Amazon,24.5,"Ava Patel (Roll No: CSE20250140) is a 20-year-old Female student in the Computer Science Department, enrolled in 2025, currently in semester 4. They are specializing in Machine Learning with a current CGPA of 8.48. Their coursework includes Data Structures, Compiler Design, Cybersecurity Fundamentals, Artificial Intelligence, Distributed Systems. Key technical skills: Node.js, Linux, HTML/CSS, Flask, Kubernetes, REST APIs. Academic advisor: Dr. A. Gupta. Attendance stands at 66%. Fee status: Pending. Based in Visakhapatnam, Andhra Pradesh. Active in Music Club. Placed at Amazon with a package of 24.5 LPA."
141,CSE20230141,Aadhya Wang,Male,23,aadhya.wang141@cse.university.edu,+91-9370581558,2023,7,Computer Networks,7.05,Data Mining; Data Structures; Theory of Computation; Artificial Intelligence; Computer Networks,Machine Learning; Node.js; REST APIs; Python; MongoDB; TensorFlow,Dr. J. Das,89,Pending,Visakhapatnam,Andhra Pradesh,AB+,Drama Club,Not Placed,None,0,"Aadhya Wang (Roll No: CSE20230141) is a 23-year-old Male student in the Computer Science Department, enrolled in 2023, currently in semester 7. They are specializing in Computer Networks with a current CGPA of 7.05. Their coursework includes Data Mining, Data Structures, Theory of Computation, Artificial Intelligence, Computer Networks. Key technical skills: Machine Learning, Node.js, REST APIs, Python, MongoDB, TensorFlow. Academic advisor: Dr. J. Das. Attendance stands at 89%. Fee status: Pending. Based in Visakhapatnam, Andhra Pradesh. Active in Drama Club. Not yet placed; actively preparing for placements."
142,CSE20260142,Aadhya Mukherjee,Female,23,aadhya.mukherjee142@cse.university.edu,+91-9964823687,2026,2,Artificial Intelligence,8.28,Data Mining; Cybersecurity Fundamentals; Mobile App Development; Web Technologies; Object Oriented Programming,Data Analysis; JavaScript; Linux; C++; Docker; TensorFlow,Dr. M. Chatterjee,84,Paid,Visakhapatnam,Andhra Pradesh,AB+,None,Placed,IBM,25.6,"Aadhya Mukherjee (Roll No: CSE20260142) is a 23-year-old Female student in the Computer Science Department, enrolled in 2026, currently in semester 2. They are specializing in Artificial Intelligence with a current CGPA of 8.28. Their coursework includes Data Mining, Cybersecurity Fundamentals, Mobile App Development, Web Technologies, Object Oriented Programming. Key technical skills: Data Analysis, JavaScript, Linux, C++, Docker, TensorFlow. Academic advisor: Dr. M. Chatterjee. Attendance stands at 84%. Fee status: Paid. Based in Visakhapatnam, Andhra Pradesh. Active in None. Placed at IBM with a package of 25.6 LPA."
143,CSE20230143,Shreya Chowdhury,Female,23,shreya.chowdhury143@cse.university.edu,+91-9237378973,2023,7,Cloud Computing,8.56,Software Engineering; Computer Graphics; Cryptography; Mobile App Development; Algorithms,HTML/CSS; Pandas; NumPy; SQL; Docker; MongoDB,Dr. T. Krishnan,84,Paid,Delhi,Delhi,AB-,Open Source Contributor,Placed,Deloitte,6.3,"Shreya Chowdhury (Roll No: CSE20230143) is a 23-year-old Female student in the Computer Science Department, enrolled in 2023, currently in semester 7. They are specializing in Cloud Computing with a current CGPA of 8.56. Their coursework includes Software Engineering, Computer Graphics, Cryptography, Mobile App Development, Algorithms. Key technical skills: HTML/CSS, Pandas, NumPy, SQL, Docker, MongoDB. Academic advisor: Dr. T. Krishnan. Attendance stands at 84%. Fee status: Paid. Based in Delhi, Delhi. Active in Open Source Contributor. Placed at Deloitte with a package of 6.3 LPA."
144,CSE20240144,Sophia Menon,Male,23,sophia.menon144@cse.university.edu,+91-9543570539,2024,5,Cybersecurity,6.87,Web Technologies; Computer Graphics; Cloud Computing; Cybersecurity Fundamentals; Software Engineering,HTML/CSS; PyTorch; Git; JavaScript; Linux; Java,Dr. J. Das,77,Scholarship,Kochi,Kerala,A-,AI Research Group,Placed,Zoho,16.7,"Sophia Menon (Roll No: CSE20240144) is a 23-year-old Male student in the Computer Science Department, enrolled in 2024, currently in semester 5. They are specializing in Cybersecurity with a current CGPA of 6.87. Their coursework includes Web Technologies, Computer Graphics, Cloud Computing, Cybersecurity Fundamentals, Software Engineering. Key technical skills: HTML/CSS, PyTorch, Git, JavaScript, Linux, Java. Academic advisor: Dr. J. Das. Attendance stands at 77%. Fee status: Scholarship. Based in Kochi, Kerala. Active in AI Research Group. Placed at Zoho with a package of 16.7 LPA."
145,CSE20230145,Vihaan Wang,Male,19,vihaan.wang145@cse.university.edu,+91-9937252824,2023,8,Internet of Things,7.6,Distributed Systems; Computer Networks; Cloud Computing; Machine Learning; Operating Systems,Linux; Docker; Machine Learning; Node.js; Pandas; Java,Dr. R. Menon,75,Scholarship,Delhi,Delhi,AB+,College Football Team,Placed,None,22.8,"Vihaan Wang (Roll No: CSE20230145) is a 19-year-old Male student in the Computer Science Department, enrolled in 2023, currently in semester 8. They are specializing in Internet of Things with a current CGPA of 7.6. Their coursework includes Distributed Systems, Computer Networks, Cloud Computing, Machine Learning, Operating Systems. Key technical skills: Linux, Docker, Machine Learning, Node.js, Pandas, Java. Academic advisor: Dr. R. Menon. Attendance stands at 75%. Fee status: Scholarship. Based in Delhi, Delhi. Active in College Football Team. Placed at None with a package of 22.8 LPA."
146,CSE20250146,Sai Iyer,Female,23,sai.iyer146@cse.university.edu,+91-9640453426,2025,4,Web Development,7.67,Cryptography; Data Structures; Algorithms; Deep Learning; Cybersecurity Fundamentals,Python; Docker; Django; SQL; NumPy; REST APIs,Dr. P. Rao,73,Paid,Vijayawada,Andhra Pradesh,AB-,Music Club,Not Placed,None,0,"Sai Iyer (Roll No: CSE20250146) is a 23-year-old Female student in the Computer Science Department, enrolled in 2025, currently in semester 4. They are specializing in Web Development with a current CGPA of 7.67. Their coursework includes Cryptography, Data Structures, Algorithms, Deep Learning, Cybersecurity Fundamentals. Key technical skills: Python, Docker, Django, SQL, NumPy, REST APIs. Academic advisor: Dr. P. Rao. Attendance stands at 73%. Fee status: Paid. Based in Vijayawada, Andhra Pradesh. Active in Music Club. Not yet placed; actively preparing for placements."
147,CSE20220147,Divya Kulkarni,Male,18,divya.kulkarni147@cse.university.edu,+91-9863548641,2022,8,Web Development,9.7,Data Mining; Object Oriented Programming; Cloud Computing; Computer Graphics; Computer Networks,Docker; Linux; Kubernetes; SQL; Node.js; AWS,Dr. R. Menon,78,Scholarship,Vijayawada,Andhra Pradesh,B-,Debate Society,Placed,Amazon,7.0,"Divya Kulkarni (Roll No: CSE20220147) is a 18-year-old Male student in the Computer Science Department, enrolled in 2022, currently in semester 8. They are specializing in Web Development with a current CGPA of 9.7. Their coursework includes Data Mining, Object Oriented Programming, Cloud Computing, Computer Graphics, Computer Networks. Key technical skills: Docker, Linux, Kubernetes, SQL, Node.js, AWS. Academic advisor: Dr. R. Menon. Attendance stands at 78%. Fee status: Scholarship. Based in Vijayawada, Andhra Pradesh. Active in Debate Society. Placed at Amazon with a package of 7.0 LPA."
148,CSE20240148,Emma Kim,Male,21,emma.kim148@cse.university.edu,+91-9852399189,2024,5,Artificial Intelligence,8.32,DBMS; Data Structures; Algorithms; Object Oriented Programming; Computer Graphics,Git; AWS; JavaScript; Flask; TensorFlow; Linux,Dr. A. Gupta,91,Scholarship,Vijayawada,Andhra Pradesh,A+,Music Club,Placed,Cognizant,18.9,"Emma Kim (Roll No: CSE20240148) is a 21-year-old Male student in the Computer Science Department, enrolled in 2024, currently in semester 5. They are specializing in Artificial Intelligence with a current CGPA of 8.32. Their coursework includes DBMS, Data Structures, Algorithms, Object Oriented Programming, Computer Graphics. Key technical skills: Git, AWS, JavaScript, Flask, TensorFlow, Linux. Academic advisor: Dr. A. Gupta. Attendance stands at 91%. Fee status: Scholarship. Based in Vijayawada, Andhra Pradesh. Active in Music Club. Placed at Cognizant with a package of 18.9 LPA."
149,CSE20260149,Ishaan Bose,Male,22,ishaan.bose149@cse.university.edu,+91-9195566069,2026,1,Natural Language Processing,7.1,DBMS; Artificial Intelligence; Deep Learning; Mobile App Development; Software Engineering,Django; SQL; Kubernetes; Azure; PyTorch; Node.js,Dr. R. Menon,95,Pending,Kolkata,West Bengal,O-,College Football Team,Placed,TCS,4.3,"Ishaan Bose (Roll No: CSE20260149) is a 22-year-old Male student in the Computer Science Department, enrolled in 2026, currently in semester 1. They are specializing in Natural Language Processing with a current CGPA of 7.1. Their coursework includes DBMS, Artificial Intelligence, Deep Learning, Mobile App Development, Software Engineering. Key technical skills: Django, SQL, Kubernetes, Azure, PyTorch, Node.js. Academic advisor: Dr. R. Menon. Attendance stands at 95%. Fee status: Pending. Based in Kolkata, West Bengal. Active in College Football Team. Placed at TCS with a package of 4.3 LPA."
150,CSE20220150,Krishna Chen,Female,19,krishna.chen150@cse.university.edu,+91-9283086166,2022,8,Machine Learning,8.82,Software Engineering; Compiler Design; Distributed Systems; Web Technologies; Object Oriented Programming,Git; Java; JavaScript; Node.js; Pandas; PyTorch,Dr. M. Chatterjee,71,Paid,Pune,Maharashtra,O+,Robotics Club,Placed,Microsoft,19.9,"Krishna Chen (Roll No: CSE20220150) is a 19-year-old Female student in the Computer Science Department, enrolled in 2022, currently in semester 8. They are specializing in Machine Learning with a current CGPA of 8.82. Their coursework includes Software Engineering, Compiler Design, Distributed Systems, Web Technologies, Object Oriented Programming. Key technical skills: Git, Java, JavaScript, Node.js, Pandas, PyTorch. Academic advisor: Dr. M. Chatterjee. Attendance stands at 71%. Fee status: Paid. Based in Pune, Maharashtra. Active in Robotics Club. Placed at Microsoft with a package of 19.9 LPA."
151,CSE20240151,Karthik Das,Female,22,karthik.das151@cse.university.edu,+91-9961425250,2024,5,Software Engineering,7.45,Machine Learning; DBMS; Cryptography; Mobile App Development; Distributed Systems,TensorFlow; AWS; Linux; Azure; Node.js; JavaScript,Dr. A. Gupta,91,Scholarship,Hyderabad,Telangana,B+,Robotics Club,Not Placed,None,0,"Karthik Das (Roll No: CSE20240151) is a 22-year-old Female student in the Computer Science Department, enrolled in 2024, currently in semester 5. They are specializing in Software Engineering with a current CGPA of 7.45. Their coursework includes Machine Learning, DBMS, Cryptography, Mobile App Development, Distributed Systems. Key technical skills: TensorFlow, AWS, Linux, Azure, Node.js, JavaScript. Academic advisor: Dr. A. Gupta. Attendance stands at 91%. Fee status: Scholarship. Based in Hyderabad, Telangana. Active in Robotics Club. Not yet placed; actively preparing for placements."
152,CSE20260152,Lakshmi Johnson,Female,19,lakshmi.johnson152@cse.university.edu,+91-9366907512,2026,2,Internet of Things,9.04,Data Structures; Computer Networks; Artificial Intelligence; Mobile App Development; DBMS,Azure; Git; Java; C++; TensorFlow; Docker,Dr. R. Menon,86,Scholarship,Kolkata,West Bengal,B-,None,Placed,Freshworks,19.9,"Lakshmi Johnson (Roll No: CSE20260152) is a 19-year-old Female student in the Computer Science Department, enrolled in 2026, currently in semester 2. They are specializing in Internet of Things with a current CGPA of 9.04. Their coursework includes Data Structures, Computer Networks, Artificial Intelligence, Mobile App Development, DBMS. Key technical skills: Azure, Git, Java, C++, TensorFlow, Docker. Academic advisor: Dr. R. Menon. Attendance stands at 86%. Fee status: Scholarship. Based in Kolkata, West Bengal. Active in None. Placed at Freshworks with a package of 19.9 LPA."
153,CSE20260153,Priya Das,Female,19,priya.das153@cse.university.edu,+91-9960347752,2026,1,Embedded Systems,6.05,Machine Learning; Data Mining; Artificial Intelligence; Mobile App Development; Object Oriented Programming,C++; Linux; Docker; MongoDB; Data Analysis; TensorFlow,Dr. R. Menon,89,Pending,Kolkata,West Bengal,B-,Open Source Contributor,Placed,Wipro,15.0,"Priya Das (Roll No: CSE20260153) is a 19-year-old Female student in the Computer Science Department, enrolled in 2026, currently in semester 1. They are specializing in Embedded Systems with a current CGPA of 6.05. Their coursework includes Machine Learning, Data Mining, Artificial Intelligence, Mobile App Development, Object Oriented Programming. Key technical skills: C++, Linux, Docker, MongoDB, Data Analysis, TensorFlow. Academic advisor: Dr. R. Menon. Attendance stands at 89%. Fee status: Pending. Based in Kolkata, West Bengal. Active in Open Source Contributor. Placed at Wipro with a package of 15.0 LPA."
154,CSE20250154,Lakshmi Mukherjee,Male,21,lakshmi.mukherjee154@cse.university.edu,+91-9986170931,2025,4,Web Development,6.46,Data Structures; DBMS; Cryptography; Computer Graphics; Algorithms,Flask; NumPy; Python; C++; REST APIs; PyTorch,Dr. T. Krishnan,94,Pending,Kolkata,West Bengal,B-,None,Not Placed,None,0,"Lakshmi Mukherjee (Roll No: CSE20250154) is a 21-year-old Male student in the Computer Science Department, enrolled in 2025, currently in semester 4. They are specializing in Web Development with a current CGPA of 6.46. Their coursework includes Data Structures, DBMS, Cryptography, Computer Graphics, Algorithms. Key technical skills: Flask, NumPy, Python, C++, REST APIs, PyTorch. Academic advisor: Dr. T. Krishnan. Attendance stands at 94%. Fee status: Pending. Based in Kolkata, West Bengal. Active in None. Not yet placed; actively preparing for placements."
155,CSE20240155,Vihaan Chen,Male,21,vihaan.chen155@cse.university.edu,+91-9214849044,2024,6,Software Engineering,8.79,Distributed Systems; DBMS; Theory of Computation; Compiler Design; Data Structures,Docker; Kubernetes; Machine Learning; PyTorch; Flask; Django,Dr. M. Chatterjee,96,Paid,Bengaluru,Karnataka,A+,Debate Society,Not Placed,None,0,"Vihaan Chen (Roll No: CSE20240155) is a 21-year-old Male student in the Computer Science Department, enrolled in 2024, currently in semester 6. They are specializing in Software Engineering with a current CGPA of 8.79. Their coursework includes Distributed Systems, DBMS, Theory of Computation, Compiler Design, Data Structures. Key technical skills: Docker, Kubernetes, Machine Learning, PyTorch, Flask, Django. Academic advisor: Dr. M. Chatterjee. Attendance stands at 96%. Fee status: Paid. Based in Bengaluru, Karnataka. Active in Debate Society. Not yet placed; actively preparing for placements."
156,CSE20220156,Anika Chatterjee,Male,19,anika.chatterjee156@cse.university.edu,+91-9618544245,2022,8,Database Systems,6.84,Deep Learning; Cloud Computing; DBMS; Computer Graphics; Algorithms,Machine Learning; Data Analysis; HTML/CSS; JavaScript; Git; REST APIs,Dr. J. Das,65,Scholarship,Kolkata,West Bengal,B+,AI Research Group,Placed,Freshworks,24.1,"Anika Chatterjee (Roll No: CSE20220156) is a 19-year-old Male student in the Computer Science Department, enrolled in 2022, currently in semester 8. They are specializing in Database Systems with a current CGPA of 6.84. Their coursework includes Deep Learning, Cloud Computing, DBMS, Computer Graphics, Algorithms. Key technical skills: Machine Learning, Data Analysis, HTML/CSS, JavaScript, Git, REST APIs. Academic advisor: Dr. J. Das. Attendance stands at 65%. Fee status: Scholarship. Based in Kolkata, West Bengal. Active in AI Research Group. Placed at Freshworks with a package of 24.1 LPA."
157,CSE20260157,Pooja Lee,Male,23,pooja.lee157@cse.university.edu,+91-9853223780,2026,1,Data Science,8.85,DBMS; Cryptography; Cloud Computing; Data Mining; Theory of Computation,Azure; REST APIs; MongoDB; TensorFlow; AWS; Docker,Dr. K. Nair,91,Scholarship,Delhi,Delhi,B+,Debate Society,Not Placed,None,0,"Pooja Lee (Roll No: CSE20260157) is a 23-year-old Male student in the Computer Science Department, enrolled in 2026, currently in semester 1. They are specializing in Data Science with a current CGPA of 8.85. Their coursework includes DBMS, Cryptography, Cloud Computing, Data Mining, Theory of Computation. Key technical skills: Azure, REST APIs, MongoDB, TensorFlow, AWS, Docker. Academic advisor: Dr. K. Nair. Attendance stands at 91%. Fee status: Scholarship. Based in Delhi, Delhi. Active in Debate Society. Not yet placed; actively preparing for placements."
158,CSE20260158,Meera Wang,Female,23,meera.wang158@cse.university.edu,+91-9156978109,2026,1,Internet of Things,6.78,Web Technologies; Cybersecurity Fundamentals; Computer Networks; Machine Learning; Cloud Computing,Pandas; JavaScript; Kubernetes; Flask; Linux; HTML/CSS,Dr. J. Das,65,Scholarship,Mumbai,Maharashtra,AB+,Drama Club,Placed,TCS,13.1,"Meera Wang (Roll No: CSE20260158) is a 23-year-old Female student in the Computer Science Department, enrolled in 2026, currently in semester 1. They are specializing in Internet of Things with a current CGPA of 6.78. Their coursework includes Web Technologies, Cybersecurity Fundamentals, Computer Networks, Machine Learning, Cloud Computing. Key technical skills: Pandas, JavaScript, Kubernetes, Flask, Linux, HTML/CSS. Academic advisor: Dr. J. Das. Attendance stands at 65%. Fee status: Scholarship. Based in Mumbai, Maharashtra. Active in Drama Club. Placed at TCS with a package of 13.1 LPA."
159,CSE20230159,Liam Verma,Male,20,liam.verma159@cse.university.edu,+91-9547284589,2023,8,Data Science,8.67,Algorithms; Web Technologies; Deep Learning; Object Oriented Programming; Cybersecurity Fundamentals,Git; JavaScript; REST APIs; Flask; MongoDB; Machine Learning,Dr. V. Kulkarni,68,Pending,Vijayawada,Andhra Pradesh,AB+,None,Not Placed,None,0,"Liam Verma (Roll No: CSE20230159) is a 20-year-old Male student in the Computer Science Department, enrolled in 2023, currently in semester 8. They are specializing in Data Science with a current CGPA of 8.67. Their coursework includes Algorithms, Web Technologies, Deep Learning, Object Oriented Programming, Cybersecurity Fundamentals. Key technical skills: Git, JavaScript, REST APIs, Flask, MongoDB, Machine Learning. Academic advisor: Dr. V. Kulkarni. Attendance stands at 68%. Fee status: Pending. Based in Vijayawada, Andhra Pradesh. Active in None. Not yet placed; actively preparing for placements."
160,CSE20240160,Olivia Singh,Male,18,olivia.singh160@cse.university.edu,+91-9239657875,2024,5,Natural Language Processing,8.42,Distributed Systems; Compiler Design; Cybersecurity Fundamentals; Deep Learning; Data Mining,PyTorch; Git; Node.js; C++; Data Analysis; REST APIs,Dr. T. Krishnan,92,Pending,Bengaluru,Karnataka,O+,Coding Club,Not Placed,None,0,"Olivia Singh (Roll No: CSE20240160) is a 18-year-old Male student in the Computer Science Department, enrolled in 2024, currently in semester 5. They are specializing in Natural Language Processing with a current CGPA of 8.42. Their coursework includes Distributed Systems, Compiler Design, Cybersecurity Fundamentals, Deep Learning, Data Mining. Key technical skills: PyTorch, Git, Node.js, C++, Data Analysis, REST APIs. Academic advisor: Dr. T. Krishnan. Attendance stands at 92%. Fee status: Pending. Based in Bengaluru, Karnataka. Active in Coding Club. Not yet placed; actively preparing for placements."
161,CSE20240161,Ananya Malhotra,Female,18,ananya.malhotra161@cse.university.edu,+91-9533165776,2024,6,Data Science,8.77,Algorithms; Computer Networks; Cloud Computing; Object Oriented Programming; Web Technologies,Linux; HTML/CSS; Flask; Kubernetes; C++; Docker,Dr. T. Krishnan,69,Scholarship,Vijayawada,Andhra Pradesh,B+,Open Source Contributor,Placed,Freshworks,17.0,"Ananya Malhotra (Roll No: CSE20240161) is a 18-year-old Female student in the Computer Science Department, enrolled in 2024, currently in semester 6. They are specializing in Data Science with a current CGPA of 8.77. Their coursework includes Algorithms, Computer Networks, Cloud Computing, Object Oriented Programming, Web Technologies. Key technical skills: Linux, HTML/CSS, Flask, Kubernetes, C++, Docker. Academic advisor: Dr. T. Krishnan. Attendance stands at 69%. Fee status: Scholarship. Based in Vijayawada, Andhra Pradesh. Active in Open Source Contributor. Placed at Freshworks with a package of 17.0 LPA."
162,CSE20240162,Sai Das,Male,19,sai.das162@cse.university.edu,+91-9126527569,2024,6,Cybersecurity,7.41,Object Oriented Programming; Data Mining; Artificial Intelligence; Data Structures; DBMS,Data Analysis; Kubernetes; Git; MongoDB; REST APIs; Machine Learning,Dr. R. Menon,89,Pending,Pune,Maharashtra,O+,Robotics Club,Not Placed,None,0,"Sai Das (Roll No: CSE20240162) is a 19-year-old Male student in the Computer Science Department, enrolled in 2024, currently in semester 6. They are specializing in Cybersecurity with a current CGPA of 7.41. Their coursework includes Object Oriented Programming, Data Mining, Artificial Intelligence, Data Structures, DBMS. Key technical skills: Data Analysis, Kubernetes, Git, MongoDB, REST APIs, Machine Learning. Academic advisor: Dr. R. Menon. Attendance stands at 89%. Fee status: Pending. Based in Pune, Maharashtra. Active in Robotics Club. Not yet placed; actively preparing for placements."
163,CSE20260163,Neha Chen,Female,22,neha.chen163@cse.university.edu,+91-9794239754,2026,2,Cloud Computing,7.9,Deep Learning; Cloud Computing; Data Mining; Operating Systems; DBMS,Node.js; Flask; Pandas; Python; C++; SQL,Dr. P. Rao,99,Scholarship,Mumbai,Maharashtra,A-,College Football Team,Not Placed,None,0,"Neha Chen (Roll No: CSE20260163) is a 22-year-old Female student in the Computer Science Department, enrolled in 2026, currently in semester 2. They are specializing in Cloud Computing with a current CGPA of 7.9. Their coursework includes Deep Learning, Cloud Computing, Data Mining, Operating Systems, DBMS. Key technical skills: Node.js, Flask, Pandas, Python, C++, SQL. Academic advisor: Dr. P. Rao. Attendance stands at 99%. Fee status: Scholarship. Based in Mumbai, Maharashtra. Active in College Football Team. Not yet placed; actively preparing for placements."
164,CSE20250164,Arjun Brown,Male,18,arjun.brown164@cse.university.edu,+91-9728791817,2025,4,Machine Learning,6.15,Algorithms; Machine Learning; Software Engineering; Operating Systems; Compiler Design,TensorFlow; Azure; AWS; Git; Data Analysis; Pandas,Dr. M. Chatterjee,72,Scholarship,Hyderabad,Telangana,O+,None,Placed,Wipro,22.1,"Arjun Brown (Roll No: CSE20250164) is a 18-year-old Male student in the Computer Science Department, enrolled in 2025, currently in semester 4. They are specializing in Machine Learning with a current CGPA of 6.15. Their coursework includes Algorithms, Machine Learning, Software Engineering, Operating Systems, Compiler Design. Key technical skills: TensorFlow, Azure, AWS, Git, Data Analysis, Pandas. Academic advisor: Dr. M. Chatterjee. Attendance stands at 72%. Fee status: Scholarship. Based in Hyderabad, Telangana. Active in None. Placed at Wipro with a package of 22.1 LPA."
165,CSE20260165,Aditya Williams,Male,20,aditya.williams165@cse.university.edu,+91-9953643130,2026,1,Human-Computer Interaction,7.13,Web Technologies; Operating Systems; Object Oriented Programming; Distributed Systems; Cryptography,AWS; Data Analysis; Python; Linux; Node.js; Flask,Dr. P. Rao,83,Scholarship,Chennai,Tamil Nadu,O+,Open Source Contributor,Placed,Deloitte,20.3,"Aditya Williams (Roll No: CSE20260165) is a 20-year-old Male student in the Computer Science Department, enrolled in 2026, currently in semester 1. They are specializing in Human-Computer Interaction with a current CGPA of 7.13. Their coursework includes Web Technologies, Operating Systems, Object Oriented Programming, Distributed Systems, Cryptography. Key technical skills: AWS, Data Analysis, Python, Linux, Node.js, Flask. Academic advisor: Dr. P. Rao. Attendance stands at 83%. Fee status: Scholarship. Based in Chennai, Tamil Nadu. Active in Open Source Contributor. Placed at Deloitte with a package of 20.3 LPA."
166,CSE20260166,Ethan Smith,Female,18,ethan.smith166@cse.university.edu,+91-9709125837,2026,1,Artificial Intelligence,6.48,Theory of Computation; Cryptography; Mobile App Development; Operating Systems; Web Technologies,SQL; Kubernetes; NumPy; Azure; Django; React,Dr. A. Gupta,81,Paid,Chennai,Tamil Nadu,B-,Hackathon Organizer,Placed,Amazon,20.1,"Ethan Smith (Roll No: CSE20260166) is a 18-year-old Female student in the Computer Science Department, enrolled in 2026, currently in semester 1. They are specializing in Artificial Intelligence with a current CGPA of 6.48. Their coursework includes Theory of Computation, Cryptography, Mobile App Development, Operating Systems, Web Technologies. Key technical skills: SQL, Kubernetes, NumPy, Azure, Django, React. Academic advisor: Dr. A. Gupta. Attendance stands at 81%. Fee status: Paid. Based in Chennai, Tamil Nadu. Active in Hackathon Organizer. Placed at Amazon with a package of 20.1 LPA."
167,CSE20260167,Vihaan Wang,Female,23,vihaan.wang167@cse.university.edu,+91-9452558912,2026,1,Machine Learning,7.13,Software Engineering; DBMS; Deep Learning; Artificial Intelligence; Cloud Computing,Kubernetes; React; Data Analysis; Machine Learning; MongoDB; JavaScript,Dr. K. Nair,85,Pending,Kochi,Kerala,A-,College Football Team,Not Placed,None,0,"Vihaan Wang (Roll No: CSE20260167) is a 23-year-old Female student in the Computer Science Department, enrolled in 2026, currently in semester 1. They are specializing in Machine Learning with a current CGPA of 7.13. Their coursework includes Software Engineering, DBMS, Deep Learning, Artificial Intelligence, Cloud Computing. Key technical skills: Kubernetes, React, Data Analysis, Machine Learning, MongoDB, JavaScript. Academic advisor: Dr. K. Nair. Attendance stands at 85%. Fee status: Pending. Based in Kochi, Kerala. Active in College Football Team. Not yet placed; actively preparing for placements."
168,CSE20260168,Swati Johnson,Female,23,swati.johnson168@cse.university.edu,+91-9622881542,2026,1,Software Engineering,8.21,Cloud Computing; Computer Graphics; Machine Learning; Data Structures; Object Oriented Programming,MongoDB; NumPy; Machine Learning; Azure; TensorFlow; Kubernetes,Dr. A. Gupta,93,Pending,Pune,Maharashtra,O-,AI Research Group,Not Placed,None,0,"Swati Johnson (Roll No: CSE20260168) is a 23-year-old Female student in the Computer Science Department, enrolled in 2026, currently in semester 1. They are specializing in Software Engineering with a current CGPA of 8.21. Their coursework includes Cloud Computing, Computer Graphics, Machine Learning, Data Structures, Object Oriented Programming. Key technical skills: MongoDB, NumPy, Machine Learning, Azure, TensorFlow, Kubernetes. Academic advisor: Dr. A. Gupta. Attendance stands at 93%. Fee status: Pending. Based in Pune, Maharashtra. Active in AI Research Group. Not yet placed; actively preparing for placements."
169,CSE20260169,Meera Nair,Male,23,meera.nair169@cse.university.edu,+91-9802128517,2026,1,Database Systems,9.28,Computer Networks; Mobile App Development; Deep Learning; Software Engineering; Operating Systems,NumPy; C++; Python; Django; Data Analysis; HTML/CSS,Dr. J. Das,81,Scholarship,Mumbai,Maharashtra,B-,Coding Club,Not Placed,None,0,"Meera Nair (Roll No: CSE20260169) is a 23-year-old Male student in the Computer Science Department, enrolled in 2026, currently in semester 1. They are specializing in Database Systems with a current CGPA of 9.28. Their coursework includes Computer Networks, Mobile App Development, Deep Learning, Software Engineering, Operating Systems. Key technical skills: NumPy, C++, Python, Django, Data Analysis, HTML/CSS. Academic advisor: Dr. J. Das. Attendance stands at 81%. Fee status: Scholarship. Based in Mumbai, Maharashtra. Active in Coding Club. Not yet placed; actively preparing for placements."
170,CSE20230170,Isabella Iyer,Female,21,isabella.iyer170@cse.university.edu,+91-9485253781,2023,8,Blockchain Technology,6.52,Data Mining; Operating Systems; Cryptography; Cybersecurity Fundamentals; Data Structures,Data Analysis; MongoDB; REST APIs; Node.js; Django; React,Dr. N. Bose,74,Scholarship,Chennai,Tamil Nadu,B+,Hackathon Organizer,Not Placed,None,0,"Isabella Iyer (Roll No: CSE20230170) is a 21-year-old Female student in the Computer Science Department, enrolled in 2023, currently in semester 8. They are specializing in Blockchain Technology with a current CGPA of 6.52. Their coursework includes Data Mining, Operating Systems, Cryptography, Cybersecurity Fundamentals, Data Structures. Key technical skills: Data Analysis, MongoDB, REST APIs, Node.js, Django, React. Academic advisor: Dr. N. Bose. Attendance stands at 74%. Fee status: Scholarship. Based in Chennai, Tamil Nadu. Active in Hackathon Organizer. Not yet placed; actively preparing for placements."
171,CSE20220171,Aditya Rao,Female,19,aditya.rao171@cse.university.edu,+91-9492234424,2022,8,Artificial Intelligence,7.44,Deep Learning; Data Mining; Cybersecurity Fundamentals; Cryptography; Artificial Intelligence,Git; Java; Pandas; Machine Learning; Docker; JavaScript,Dr. T. Krishnan,99,Scholarship,Visakhapatnam,Andhra Pradesh,AB+,Hackathon Organizer,Placed,Zoho,19.7,"Aditya Rao (Roll No: CSE20220171) is a 19-year-old Female student in the Computer Science Department, enrolled in 2022, currently in semester 8. They are specializing in Artificial Intelligence with a current CGPA of 7.44. Their coursework includes Deep Learning, Data Mining, Cybersecurity Fundamentals, Cryptography, Artificial Intelligence. Key technical skills: Git, Java, Pandas, Machine Learning, Docker, JavaScript. Academic advisor: Dr. T. Krishnan. Attendance stands at 99%. Fee status: Scholarship. Based in Visakhapatnam, Andhra Pradesh. Active in Hackathon Organizer. Placed at Zoho with a package of 19.7 LPA."
172,CSE20240172,Divya Smith,Male,22,divya.smith172@cse.university.edu,+91-9746414349,2024,6,Cybersecurity,9.79,Data Mining; Cryptography; Cybersecurity Fundamentals; Mobile App Development; Artificial Intelligence,Linux; REST APIs; Python; Django; React; Git,Dr. A. Gupta,82,Paid,Vijayawada,Andhra Pradesh,A-,Open Source Contributor,Placed,Amazon,7.8,"Divya Smith (Roll No: CSE20240172) is a 22-year-old Male student in the Computer Science Department, enrolled in 2024, currently in semester 6. They are specializing in Cybersecurity with a current CGPA of 9.79. Their coursework includes Data Mining, Cryptography, Cybersecurity Fundamentals, Mobile App Development, Artificial Intelligence. Key technical skills: Linux, REST APIs, Python, Django, React, Git. Academic advisor: Dr. A. Gupta. Attendance stands at 82%. Fee status: Paid. Based in Vijayawada, Andhra Pradesh. Active in Open Source Contributor. Placed at Amazon with a package of 7.8 LPA."
173,CSE20230173,Ava Chen,Male,23,ava.chen173@cse.university.edu,+91-9293313837,2023,8,Computer Vision,9.16,DBMS; Artificial Intelligence; Theory of Computation; Mobile App Development; Deep Learning,HTML/CSS; Node.js; Machine Learning; Azure; Python; MongoDB,Dr. R. Menon,97,Paid,Chennai,Tamil Nadu,B+,Debate Society,Placed,Infosys,8.0,"Ava Chen (Roll No: CSE20230173) is a 23-year-old Male student in the Computer Science Department, enrolled in 2023, currently in semester 8. They are specializing in Computer Vision with a current CGPA of 9.16. Their coursework includes DBMS, Artificial Intelligence, Theory of Computation, Mobile App Development, Deep Learning. Key technical skills: HTML/CSS, Node.js, Machine Learning, Azure, Python, MongoDB. Academic advisor: Dr. R. Menon. Attendance stands at 97%. Fee status: Paid. Based in Chennai, Tamil Nadu. Active in Debate Society. Placed at Infosys with a package of 8.0 LPA."
174,CSE20240174,Neha Chowdhury,Male,23,neha.chowdhury174@cse.university.edu,+91-9513886549,2024,5,Internet of Things,6.84,Artificial Intelligence; Object Oriented Programming; Machine Learning; Compiler Design; Computer Graphics,REST APIs; React; HTML/CSS; Node.js; NumPy; Django,Dr. K. Nair,69,Paid,Chennai,Tamil Nadu,AB-,AI Research Group,Not Placed,None,0,"Neha Chowdhury (Roll No: CSE20240174) is a 23-year-old Male student in the Computer Science Department, enrolled in 2024, currently in semester 5. They are specializing in Internet of Things with a current CGPA of 6.84. Their coursework includes Artificial Intelligence, Object Oriented Programming, Machine Learning, Compiler Design, Computer Graphics. Key technical skills: REST APIs, React, HTML/CSS, Node.js, NumPy, Django. Academic advisor: Dr. K. Nair. Attendance stands at 69%. Fee status: Paid. Based in Chennai, Tamil Nadu. Active in AI Research Group. Not yet placed; actively preparing for placements."
175,CSE20260175,Ishaan Nair,Male,19,ishaan.nair175@cse.university.edu,+91-9346408985,2026,2,Internet of Things,9.22,DBMS; Machine Learning; Artificial Intelligence; Algorithms; Object Oriented Programming,C++; Linux; Data Analysis; React; REST APIs; Flask,Dr. R. Menon,67,Scholarship,Mumbai,Maharashtra,O+,Photography Club,Not Placed,None,0,"Ishaan Nair (Roll No: CSE20260175) is a 19-year-old Male student in the Computer Science Department, enrolled in 2026, currently in semester 2. They are specializing in Internet of Things with a current CGPA of 9.22. Their coursework includes DBMS, Machine Learning, Artificial Intelligence, Algorithms, Object Oriented Programming. Key technical skills: C++, Linux, Data Analysis, React, REST APIs, Flask. Academic advisor: Dr. R. Menon. Attendance stands at 67%. Fee status: Scholarship. Based in Mumbai, Maharashtra. Active in Photography Club. Not yet placed; actively preparing for placements."
176,CSE20260176,Priya Kim,Female,20,priya.kim176@cse.university.edu,+91-9538994061,2026,1,Cloud Computing,7.66,Artificial Intelligence; Compiler Design; Operating Systems; Web Technologies; Computer Graphics,TensorFlow; SQL; Python; Data Analysis; HTML/CSS; Django,Dr. S. Iyer,78,Scholarship,Kolkata,West Bengal,A+,Drama Club,Not Placed,None,0,"Priya Kim (Roll No: CSE20260176) is a 20-year-old Female student in the Computer Science Department, enrolled in 2026, currently in semester 1. They are specializing in Cloud Computing with a current CGPA of 7.66. Their coursework includes Artificial Intelligence, Compiler Design, Operating Systems, Web Technologies, Computer Graphics. Key technical skills: TensorFlow, SQL, Python, Data Analysis, HTML/CSS, Django. Academic advisor: Dr. S. Iyer. Attendance stands at 78%. Fee status: Scholarship. Based in Kolkata, West Bengal. Active in Drama Club. Not yet placed; actively preparing for placements."
177,CSE20260177,Manoj Nair,Male,21,manoj.nair177@cse.university.edu,+91-9931284997,2026,2,Blockchain Technology,7.02,Computer Graphics; Theory of Computation; Cybersecurity Fundamentals; Software Engineering; Cryptography,SQL; Azure; Flask; Data Analysis; Linux; Node.js,Dr. M. Chatterjee,84,Scholarship,Kolkata,West Bengal,O-,Music Club,Not Placed,None,0,"Manoj Nair (Roll No: CSE20260177) is a 21-year-old Male student in the Computer Science Department, enrolled in 2026, currently in semester 2. They are specializing in Blockchain Technology with a current CGPA of 7.02. Their coursework includes Computer Graphics, Theory of Computation, Cybersecurity Fundamentals, Software Engineering, Cryptography. Key technical skills: SQL, Azure, Flask, Data Analysis, Linux, Node.js. Academic advisor: Dr. M. Chatterjee. Attendance stands at 84%. Fee status: Scholarship. Based in Kolkata, West Bengal. Active in Music Club. Not yet placed; actively preparing for placements."
178,CSE20220178,Ava Chowdhury,Male,23,ava.chowdhury178@cse.university.edu,+91-9185942015,2022,8,Computer Vision,7.74,Machine Learning; DBMS; Deep Learning; Data Mining; Cryptography,Docker; Flask; REST APIs; Java; Node.js; AWS,Dr. R. Menon,92,Paid,Bengaluru,Karnataka,B+,AI Research Group,Placed,Cognizant,9.3,"Ava Chowdhury (Roll No: CSE20220178) is a 23-year-old Male student in the Computer Science Department, enrolled in 2022, currently in semester 8. They are specializing in Computer Vision with a current CGPA of 7.74. Their coursework includes Machine Learning, DBMS, Deep Learning, Data Mining, Cryptography. Key technical skills: Docker, Flask, REST APIs, Java, Node.js, AWS. Academic advisor: Dr. R. Menon. Attendance stands at 92%. Fee status: Paid. Based in Bengaluru, Karnataka. Active in AI Research Group. Placed at Cognizant with a package of 9.3 LPA."
179,CSE20260179,Shreya Verma,Female,21,shreya.verma179@cse.university.edu,+91-9100308454,2026,2,Internet of Things,8.78,Algorithms; Machine Learning; Artificial Intelligence; Distributed Systems; Data Structures,SQL; Data Analysis; Django; PyTorch; NumPy; Java,Dr. J. Das,75,Scholarship,Kolkata,West Bengal,B-,Hackathon Organizer,Placed,Flipkart,9.7,"Shreya Verma (Roll No: CSE20260179) is a 21-year-old Female student in the Computer Science Department, enrolled in 2026, currently in semester 2. They are specializing in Internet of Things with a current CGPA of 8.78. Their coursework includes Algorithms, Machine Learning, Artificial Intelligence, Distributed Systems, Data Structures. Key technical skills: SQL, Data Analysis, Django, PyTorch, NumPy, Java. Academic advisor: Dr. J. Das. Attendance stands at 75%. Fee status: Scholarship. Based in Kolkata, West Bengal. Active in Hackathon Organizer. Placed at Flipkart with a package of 9.7 LPA."
180,CSE20240180,Ananya Reddy,Female,21,ananya.reddy180@cse.university.edu,+91-9643569021,2024,6,Cybersecurity,7.58,Data Mining; Data Structures; Operating Systems; Mobile App Development; Web Technologies,NumPy; Flask; HTML/CSS; Kubernetes; Machine Learning; TensorFlow,Dr. P. Rao,90,Scholarship,Kochi,Kerala,B-,AI Research Group,Placed,Cognizant,8.2,"Ananya Reddy (Roll No: CSE20240180) is a 21-year-old Female student in the Computer Science Department, enrolled in 2024, currently in semester 6. They are specializing in Cybersecurity with a current CGPA of 7.58. Their coursework includes Data Mining, Data Structures, Operating Systems, Mobile App Development, Web Technologies. Key technical skills: NumPy, Flask, HTML/CSS, Kubernetes, Machine Learning, TensorFlow. Academic advisor: Dr. P. Rao. Attendance stands at 90%. Fee status: Scholarship. Based in Kochi, Kerala. Active in AI Research Group. Placed at Cognizant with a package of 8.2 LPA."
181,CSE20240181,Reyansh Joshi,Male,22,reyansh.joshi181@cse.university.edu,+91-9336633719,2024,6,Natural Language Processing,9.69,Data Mining; Software Engineering; Mobile App Development; Theory of Computation; Distributed Systems,AWS; HTML/CSS; Linux; MongoDB; Docker; Git,Dr. N. Bose,72,Pending,Kochi,Kerala,A+,AI Research Group,Placed,Zoho,19.2,"Reyansh Joshi (Roll No: CSE20240181) is a 22-year-old Male student in the Computer Science Department, enrolled in 2024, currently in semester 6. They are specializing in Natural Language Processing with a current CGPA of 9.69. Their coursework includes Data Mining, Software Engineering, Mobile App Development, Theory of Computation, Distributed Systems. Key technical skills: AWS, HTML/CSS, Linux, MongoDB, Docker, Git. Academic advisor: Dr. N. Bose. Attendance stands at 72%. Fee status: Pending. Based in Kochi, Kerala. Active in AI Research Group. Placed at Zoho with a package of 19.2 LPA."
182,CSE20250182,Olivia Williams,Male,20,olivia.williams182@cse.university.edu,+91-9352180476,2025,4,Artificial Intelligence,8.01,Software Engineering; Compiler Design; Web Technologies; Operating Systems; Cryptography,Data Analysis; Docker; C++; Flask; Node.js; Linux,Dr. M. Chatterjee,82,Paid,Pune,Maharashtra,B-,Hackathon Organizer,Placed,None,21.7,"Olivia Williams (Roll No: CSE20250182) is a 20-year-old Male student in the Computer Science Department, enrolled in 2025, currently in semester 4. They are specializing in Artificial Intelligence with a current CGPA of 8.01. Their coursework includes Software Engineering, Compiler Design, Web Technologies, Operating Systems, Cryptography. Key technical skills: Data Analysis, Docker, C++, Flask, Node.js, Linux. Academic advisor: Dr. M. Chatterjee. Attendance stands at 82%. Fee status: Paid. Based in Pune, Maharashtra. Active in Hackathon Organizer. Placed at None with a package of 21.7 LPA."
183,CSE20230183,Sophia Rao,Female,19,sophia.rao183@cse.university.edu,+91-9626998235,2023,7,Database Systems,9.26,Object Oriented Programming; Cybersecurity Fundamentals; Computer Networks; DBMS; Data Mining,C++; Data Analysis; Pandas; Linux; REST APIs; Python,Dr. T. Krishnan,85,Pending,Hyderabad,Telangana,O-,Photography Club,Not Placed,None,0,"Sophia Rao (Roll No: CSE20230183) is a 19-year-old Female student in the Computer Science Department, enrolled in 2023, currently in semester 7. They are specializing in Database Systems with a current CGPA of 9.26. Their coursework includes Object Oriented Programming, Cybersecurity Fundamentals, Computer Networks, DBMS, Data Mining. Key technical skills: C++, Data Analysis, Pandas, Linux, REST APIs, Python. Academic advisor: Dr. T. Krishnan. Attendance stands at 85%. Fee status: Pending. Based in Hyderabad, Telangana. Active in Photography Club. Not yet placed; actively preparing for placements."
184,CSE20230184,Diya Lee,Female,21,diya.lee184@cse.university.edu,+91-9378851582,2023,7,Natural Language Processing,6.21,Computer Graphics; Artificial Intelligence; Mobile App Development; Algorithms; Cybersecurity Fundamentals,AWS; Data Analysis; Node.js; Git; JavaScript; Django,Dr. N. Bose,78,Pending,Pune,Maharashtra,A+,Coding Club,Placed,Adobe,12.7,"Diya Lee (Roll No: CSE20230184) is a 21-year-old Female student in the Computer Science Department, enrolled in 2023, currently in semester 7. They are specializing in Natural Language Processing with a current CGPA of 6.21. Their coursework includes Computer Graphics, Artificial Intelligence, Mobile App Development, Algorithms, Cybersecurity Fundamentals. Key technical skills: AWS, Data Analysis, Node.js, Git, JavaScript, Django. Academic advisor: Dr. N. Bose. Attendance stands at 78%. Fee status: Pending. Based in Pune, Maharashtra. Active in Coding Club. Placed at Adobe with a package of 12.7 LPA."
185,CSE20240185,Diya Joshi,Female,19,diya.joshi185@cse.university.edu,+91-9963382466,2024,6,Software Engineering,9.74,Cybersecurity Fundamentals; Machine Learning; Artificial Intelligence; Computer Graphics; Deep Learning,Azure; Pandas; Kubernetes; Data Analysis; AWS; TensorFlow,Dr. N. Bose,79,Paid,Chennai,Tamil Nadu,B+,Hackathon Organizer,Not Placed,None,0,"Diya Joshi (Roll No: CSE20240185) is a 19-year-old Female student in the Computer Science Department, enrolled in 2024, currently in semester 6. They are specializing in Software Engineering with a current CGPA of 9.74. Their coursework includes Cybersecurity Fundamentals, Machine Learning, Artificial Intelligence, Computer Graphics, Deep Learning. Key technical skills: Azure, Pandas, Kubernetes, Data Analysis, AWS, TensorFlow. Academic advisor: Dr. N. Bose. Attendance stands at 79%. Fee status: Paid. Based in Chennai, Tamil Nadu. Active in Hackathon Organizer. Not yet placed; actively preparing for placements."
186,CSE20230186,Myra Joshi,Female,21,myra.joshi186@cse.university.edu,+91-9973830502,2023,7,Computer Vision,9.12,Computer Networks; Artificial Intelligence; Data Structures; Machine Learning; Computer Graphics,Linux; React; Machine Learning; Django; Flask; Docker,Dr. N. Bose,68,Pending,Visakhapatnam,Andhra Pradesh,AB+,Open Source Contributor,Placed,Amazon,5.4,"Myra Joshi (Roll No: CSE20230186) is a 21-year-old Female student in the Computer Science Department, enrolled in 2023, currently in semester 7. They are specializing in Computer Vision with a current CGPA of 9.12. Their coursework includes Computer Networks, Artificial Intelligence, Data Structures, Machine Learning, Computer Graphics. Key technical skills: Linux, React, Machine Learning, Django, Flask, Docker. Academic advisor: Dr. N. Bose. Attendance stands at 68%. Fee status: Pending. Based in Visakhapatnam, Andhra Pradesh. Active in Open Source Contributor. Placed at Amazon with a package of 5.4 LPA."
187,CSE20240187,Anika Pillai,Male,21,anika.pillai187@cse.university.edu,+91-9931875429,2024,6,Blockchain Technology,7.41,Mobile App Development; Software Engineering; Cybersecurity Fundamentals; Data Structures; Computer Graphics,JavaScript; Kubernetes; Data Analysis; REST APIs; SQL; HTML/CSS,Dr. J. Das,87,Pending,Kolkata,West Bengal,B+,Music Club,Not Placed,None,0,"Anika Pillai (Roll No: CSE20240187) is a 21-year-old Male student in the Computer Science Department, enrolled in 2024, currently in semester 6. They are specializing in Blockchain Technology with a current CGPA of 7.41. Their coursework includes Mobile App Development, Software Engineering, Cybersecurity Fundamentals, Data Structures, Computer Graphics. Key technical skills: JavaScript, Kubernetes, Data Analysis, REST APIs, SQL, HTML/CSS. Academic advisor: Dr. J. Das. Attendance stands at 87%. Fee status: Pending. Based in Kolkata, West Bengal. Active in Music Club. Not yet placed; actively preparing for placements."
188,CSE20260188,Sophia Mukherjee,Male,21,sophia.mukherjee188@cse.university.edu,+91-9544517369,2026,2,Data Science,7.81,Machine Learning; Cloud Computing; Computer Graphics; Cryptography; Operating Systems,C++; Node.js; Docker; MongoDB; Data Analysis; REST APIs,Dr. K. Nair,93,Pending,Visakhapatnam,Andhra Pradesh,O+,Music Club,Not Placed,None,0,"Sophia Mukherjee (Roll No: CSE20260188) is a 21-year-old Male student in the Computer Science Department, enrolled in 2026, currently in semester 2. They are specializing in Data Science with a current CGPA of 7.81. Their coursework includes Machine Learning, Cloud Computing, Computer Graphics, Cryptography, Operating Systems. Key technical skills: C++, Node.js, Docker, MongoDB, Data Analysis, REST APIs. Academic advisor: Dr. K. Nair. Attendance stands at 93%. Fee status: Pending. Based in Visakhapatnam, Andhra Pradesh. Active in Music Club. Not yet placed; actively preparing for placements."
189,CSE20230189,Ananya Gupta,Male,19,ananya.gupta189@cse.university.edu,+91-9518594177,2023,8,Computer Vision,9.67,Operating Systems; Deep Learning; Machine Learning; Cryptography; DBMS,JavaScript; C++; Linux; Flask; Java; Python,Dr. V. Kulkarni,81,Scholarship,Kolkata,West Bengal,A-,Robotics Club,Placed,Wipro,19.7,"Ananya Gupta (Roll No: CSE20230189) is a 19-year-old Male student in the Computer Science Department, enrolled in 2023, currently in semester 8. They are specializing in Computer Vision with a current CGPA of 9.67. Their coursework includes Operating Systems, Deep Learning, Machine Learning, Cryptography, DBMS. Key technical skills: JavaScript, C++, Linux, Flask, Java, Python. Academic advisor: Dr. V. Kulkarni. Attendance stands at 81%. Fee status: Scholarship. Based in Kolkata, West Bengal. Active in Robotics Club. Placed at Wipro with a package of 19.7 LPA."
190,CSE20240190,Riya Rao,Male,23,riya.rao190@cse.university.edu,+91-9662060684,2024,6,Data Science,8.44,Data Mining; Machine Learning; Data Structures; Algorithms; Cybersecurity Fundamentals,Docker; Linux; Git; Flask; TensorFlow; Machine Learning,Dr. N. Bose,94,Scholarship,Chennai,Tamil Nadu,B+,Hackathon Organizer,Not Placed,None,0,"Riya Rao (Roll No: CSE20240190) is a 23-year-old Male student in the Computer Science Department, enrolled in 2024, currently in semester 6. They are specializing in Data Science with a current CGPA of 8.44. Their coursework includes Data Mining, Machine Learning, Data Structures, Algorithms, Cybersecurity Fundamentals. Key technical skills: Docker, Linux, Git, Flask, TensorFlow, Machine Learning. Academic advisor: Dr. N. Bose. Attendance stands at 94%. Fee status: Scholarship. Based in Chennai, Tamil Nadu. Active in Hackathon Organizer. Not yet placed; actively preparing for placements."
191,CSE20250191,James Smith,Female,20,james.smith191@cse.university.edu,+91-9741027901,2025,3,Web Development,9.14,Web Technologies; Cybersecurity Fundamentals; Computer Graphics; Software Engineering; Computer Networks,PyTorch; Python; Pandas; Django; React; Kubernetes,Dr. K. Nair,95,Pending,Delhi,Delhi,A+,AI Research Group,Placed,Freshworks,23.2,"James Smith (Roll No: CSE20250191) is a 20-year-old Female student in the Computer Science Department, enrolled in 2025, currently in semester 3. They are specializing in Web Development with a current CGPA of 9.14. Their coursework includes Web Technologies, Cybersecurity Fundamentals, Computer Graphics, Software Engineering, Computer Networks. Key technical skills: PyTorch, Python, Pandas, Django, React, Kubernetes. Academic advisor: Dr. K. Nair. Attendance stands at 95%. Fee status: Pending. Based in Delhi, Delhi. Active in AI Research Group. Placed at Freshworks with a package of 23.2 LPA."
192,CSE20240192,Kiara Kim,Male,22,kiara.kim192@cse.university.edu,+91-9301864129,2024,5,Blockchain Technology,7.61,Computer Graphics; Cryptography; Compiler Design; Machine Learning; Theory of Computation,AWS; MongoDB; TensorFlow; C++; Azure; Pandas,Dr. T. Krishnan,99,Pending,Kochi,Kerala,AB+,Music Club,Not Placed,None,0,"Kiara Kim (Roll No: CSE20240192) is a 22-year-old Male student in the Computer Science Department, enrolled in 2024, currently in semester 5. They are specializing in Blockchain Technology with a current CGPA of 7.61. Their coursework includes Computer Graphics, Cryptography, Compiler Design, Machine Learning, Theory of Computation. Key technical skills: AWS, MongoDB, TensorFlow, C++, Azure, Pandas. Academic advisor: Dr. T. Krishnan. Attendance stands at 99%. Fee status: Pending. Based in Kochi, Kerala. Active in Music Club. Not yet placed; actively preparing for placements."
193,CSE20220193,Arjun Gupta,Male,20,arjun.gupta193@cse.university.edu,+91-9333203933,2022,8,Cloud Computing,8.41,Object Oriented Programming; Artificial Intelligence; Deep Learning; Cloud Computing; Data Structures,React; Java; Flask; Python; Node.js; JavaScript,Dr. K. Nair,65,Paid,Visakhapatnam,Andhra Pradesh,B+,AI Research Group,Placed,Microsoft,4.4,"Arjun Gupta (Roll No: CSE20220193) is a 20-year-old Male student in the Computer Science Department, enrolled in 2022, currently in semester 8. They are specializing in Cloud Computing with a current CGPA of 8.41. Their coursework includes Object Oriented Programming, Artificial Intelligence, Deep Learning, Cloud Computing, Data Structures. Key technical skills: React, Java, Flask, Python, Node.js, JavaScript. Academic advisor: Dr. K. Nair. Attendance stands at 65%. Fee status: Paid. Based in Visakhapatnam, Andhra Pradesh. Active in AI Research Group. Placed at Microsoft with a package of 4.4 LPA."
194,CSE20240194,Karthik Bose,Female,21,karthik.bose194@cse.university.edu,+91-9365388382,2024,6,Artificial Intelligence,8.72,Cloud Computing; Operating Systems; Computer Networks; Algorithms; Software Engineering,AWS; C++; Flask; Linux; Node.js; SQL,Dr. K. Nair,80,Pending,Mumbai,Maharashtra,A+,Robotics Club,Not Placed,None,0,"Karthik Bose (Roll No: CSE20240194) is a 21-year-old Female student in the Computer Science Department, enrolled in 2024, currently in semester 6. They are specializing in Artificial Intelligence with a current CGPA of 8.72. Their coursework includes Cloud Computing, Operating Systems, Computer Networks, Algorithms, Software Engineering. Key technical skills: AWS, C++, Flask, Linux, Node.js, SQL. Academic advisor: Dr. K. Nair. Attendance stands at 80%. Fee status: Pending. Based in Mumbai, Maharashtra. Active in Robotics Club. Not yet placed; actively preparing for placements."
195,CSE20220195,Sophia Verma,Male,21,sophia.verma195@cse.university.edu,+91-9727813474,2022,8,Human-Computer Interaction,7.84,Web Technologies; Cloud Computing; Machine Learning; Algorithms; DBMS,TensorFlow; Linux; Machine Learning; PyTorch; SQL; Kubernetes,Dr. R. Menon,92,Pending,Vijayawada,Andhra Pradesh,A-,College Football Team,Placed,Amazon,23.1,"Sophia Verma (Roll No: CSE20220195) is a 21-year-old Male student in the Computer Science Department, enrolled in 2022, currently in semester 8. They are specializing in Human-Computer Interaction with a current CGPA of 7.84. Their coursework includes Web Technologies, Cloud Computing, Machine Learning, Algorithms, DBMS. Key technical skills: TensorFlow, Linux, Machine Learning, PyTorch, SQL, Kubernetes. Academic advisor: Dr. R. Menon. Attendance stands at 92%. Fee status: Pending. Based in Vijayawada, Andhra Pradesh. Active in College Football Team. Placed at Amazon with a package of 23.1 LPA."
196,CSE20220196,Krishna Chowdhury,Male,18,krishna.chowdhury196@cse.university.edu,+91-9699524216,2022,8,Data Science,8.68,Cybersecurity Fundamentals; Operating Systems; Compiler Design; Machine Learning; Artificial Intelligence,C++; Data Analysis; REST APIs; Docker; Java; Pandas,Dr. M. Chatterjee,96,Paid,Chennai,Tamil Nadu,A-,Debate Society,Not Placed,None,0,"Krishna Chowdhury (Roll No: CSE20220196) is a 18-year-old Male student in the Computer Science Department, enrolled in 2022, currently in semester 8. They are specializing in Data Science with a current CGPA of 8.68. Their coursework includes Cybersecurity Fundamentals, Operating Systems, Compiler Design, Machine Learning, Artificial Intelligence. Key technical skills: C++, Data Analysis, REST APIs, Docker, Java, Pandas. Academic advisor: Dr. M. Chatterjee. Attendance stands at 96%. Fee status: Paid. Based in Chennai, Tamil Nadu. Active in Debate Society. Not yet placed; actively preparing for placements."
197,CSE20230197,Emma Lee,Female,21,emma.lee197@cse.university.edu,+91-9582522615,2023,7,Software Engineering,8.69,Computer Networks; Software Engineering; Algorithms; Artificial Intelligence; Distributed Systems,Flask; PyTorch; NumPy; Linux; SQL; HTML/CSS,Dr. A. Gupta,94,Pending,Kolkata,West Bengal,AB-,Photography Club,Placed,Wipro,16.7,"Emma Lee (Roll No: CSE20230197) is a 21-year-old Female student in the Computer Science Department, enrolled in 2023, currently in semester 7. They are specializing in Software Engineering with a current CGPA of 8.69. Their coursework includes Computer Networks, Software Engineering, Algorithms, Artificial Intelligence, Distributed Systems. Key technical skills: Flask, PyTorch, NumPy, Linux, SQL, HTML/CSS. Academic advisor: Dr. A. Gupta. Attendance stands at 94%. Fee status: Pending. Based in Kolkata, West Bengal. Active in Photography Club. Placed at Wipro with a package of 16.7 LPA."
198,CSE20240198,Pari Chen,Female,22,pari.chen198@cse.university.edu,+91-9446389157,2024,6,Human-Computer Interaction,6.0,Data Mining; Cryptography; Machine Learning; Data Structures; Cybersecurity Fundamentals,REST APIs; MongoDB; Docker; C++; Flask; AWS,Dr. P. Rao,74,Scholarship,Kolkata,West Bengal,O-,Open Source Contributor,Not Placed,None,0,"Pari Chen (Roll No: CSE20240198) is a 22-year-old Female student in the Computer Science Department, enrolled in 2024, currently in semester 6. They are specializing in Human-Computer Interaction with a current CGPA of 6.0. Their coursework includes Data Mining, Cryptography, Machine Learning, Data Structures, Cybersecurity Fundamentals. Key technical skills: REST APIs, MongoDB, Docker, C++, Flask, AWS. Academic advisor: Dr. P. Rao. Attendance stands at 74%. Fee status: Scholarship. Based in Kolkata, West Bengal. Active in Open Source Contributor. Not yet placed; actively preparing for placements."
199,CSE20220199,Nikhil Smith,Female,18,nikhil.smith199@cse.university.edu,+91-9324130818,2022,8,Data Science,6.17,Machine Learning; Algorithms; Deep Learning; DBMS; Artificial Intelligence,SQL; JavaScript; Java; HTML/CSS; AWS; Linux,Dr. T. Krishnan,88,Paid,Kochi,Kerala,AB+,Coding Club,Placed,TCS,26.3,"Nikhil Smith (Roll No: CSE20220199) is a 18-year-old Female student in the Computer Science Department, enrolled in 2022, currently in semester 8. They are specializing in Data Science with a current CGPA of 6.17. Their coursework includes Machine Learning, Algorithms, Deep Learning, DBMS, Artificial Intelligence. Key technical skills: SQL, JavaScript, Java, HTML/CSS, AWS, Linux. Academic advisor: Dr. T. Krishnan. Attendance stands at 88%. Fee status: Paid. Based in Kochi, Kerala. Active in Coding Club. Placed at TCS with a package of 26.3 LPA."
200,CSE20220200,Emma Pillai,Male,21,emma.pillai200@cse.university.edu,+91-9292090149,2022,8,Embedded Systems,8.18,Computer Graphics; Cybersecurity Fundamentals; Algorithms; Software Engineering; Mobile App Development,NumPy; C++; PyTorch; Pandas; SQL; Django,Dr. S. Iyer,89,Paid,Bengaluru,Karnataka,B-,Open Source Contributor,Placed,IBM,17.7,"Emma Pillai (Roll No: CSE20220200) is a 21-year-old Male student in the Computer Science Department, enrolled in 2022, currently in semester 8. They are specializing in Embedded Systems with a current CGPA of 8.18. Their coursework includes Computer Graphics, Cybersecurity Fundamentals, Algorithms, Software Engineering, Mobile App Development. Key technical skills: NumPy, C++, PyTorch, Pandas, SQL, Django. Academic advisor: Dr. S. Iyer. Attendance stands at 89%. Fee status: Paid. Based in Bengaluru, Karnataka. Active in Open Source Contributor. Placed at IBM with a package of 17.7 LPA."
